,Unnamed: 0.11,Unnamed: 0.10,Unnamed: 0.9,Unnamed: 0.8,Unnamed: 0.7,Unnamed: 0.6,Unnamed: 0.5,Unnamed: 0.4,Unnamed: 0.3,Unnamed: 0.2,Unnamed: 0.1,Unnamed: 0,task_id,seed,accuracy,model
0,0.0,0.0,0.0,0.0,0.0,0.0,0.0,0.0,0.0,0.0,0.0,0.0,361055,0,0.7714627580017948,Random Forest
1,1.0,1.0,1.0,1.0,1.0,1.0,1.0,1.0,1.0,1.0,1.0,1.0,361055,0,0.769667962907568,Gradient Boosting
2,2.0,2.0,2.0,2.0,2.0,2.0,2.0,2.0,2.0,2.0,2.0,2.0,361055,0,0.7609931199521388,Logistic Regression
3,3.0,3.0,3.0,3.0,3.0,3.0,3.0,3.0,3.0,3.0,3.0,3.0,361055,0,0.7786419383787018,TabPFN
4,4.0,4.0,4.0,4.0,4.0,4.0,4.0,4.0,4.0,4.0,4.0,4.0,361055,0,0.7792402034101107,TabPFNne
5,5.0,5.0,5.0,5.0,5.0,5.0,5.0,5.0,5.0,5.0,5.0,5.0,361055,1,0.7654801076877057,Random Forest
6,6.0,6.0,6.0,6.0,6.0,6.0,6.0,6.0,6.0,6.0,6.0,6.0,361055,1,0.7654801076877057,Gradient Boosting
7,7.0,7.0,7.0,7.0,7.0,7.0,7.0,7.0,7.0,7.0,7.0,7.0,361055,1,0.7633861800777745,Logistic Regression
8,8.0,8.0,8.0,8.0,8.0,8.0,8.0,8.0,8.0,8.0,8.0,8.0,361055,1,0.7759497457373616,TabPFN
9,9.0,9.0,9.0,9.0,9.0,9.0,9.0,9.0,9.0,9.0,9.0,9.0,361055,1,0.7726592880646126,TabPFNne
10,10.0,10.0,10.0,10.0,10.0,10.0,10.0,10.0,10.0,10.0,10.0,10.0,361055,2,0.7496260843553695,Random Forest
11,11.0,11.0,11.0,11.0,11.0,11.0,11.0,11.0,11.0,11.0,11.0,11.0,361055,2,0.7556087346694585,Gradient Boosting
12,12.0,12.0,12.0,12.0,12.0,12.0,12.0,12.0,12.0,12.0,12.0,12.0,361055,2,0.7499252168710739,Logistic Regression
13,13.0,13.0,13.0,13.0,13.0,13.0,13.0,13.0,13.0,13.0,13.0,13.0,361055,2,0.7583009273107987,TabPFN
14,14.0,14.0,14.0,14.0,14.0,14.0,14.0,14.0,14.0,14.0,14.0,14.0,361055,2,0.7603948549207299,TabPFNne
15,15.0,15.0,15.0,15.0,15.0,15.0,15.0,15.0,15.0,15.0,15.0,15.0,361060,0,0.784,Random Forest
16,16.0,16.0,16.0,16.0,16.0,16.0,16.0,16.0,16.0,16.0,16.0,16.0,361060,0,0.7832,Gradient Boosting
17,17.0,17.0,17.0,17.0,17.0,17.0,17.0,17.0,17.0,17.0,17.0,17.0,361060,0,0.7396,Logistic Regression
18,18.0,18.0,18.0,18.0,18.0,18.0,18.0,18.0,18.0,18.0,18.0,18.0,361060,0,0.7744,TabPFN
19,19.0,19.0,19.0,19.0,19.0,19.0,19.0,19.0,19.0,19.0,19.0,19.0,361060,0,0.7752,TabPFNne
20,20.0,20.0,20.0,20.0,20.0,20.0,20.0,20.0,20.0,20.0,20.0,20.0,361060,1,0.797,Random Forest
21,21.0,21.0,21.0,21.0,21.0,21.0,21.0,21.0,21.0,21.0,21.0,21.0,361060,1,0.7972,Gradient Boosting
22,22.0,22.0,22.0,22.0,22.0,22.0,22.0,22.0,22.0,22.0,22.0,22.0,361060,1,0.7238,Logistic Regression
23,23.0,23.0,23.0,23.0,23.0,23.0,23.0,23.0,23.0,23.0,23.0,23.0,361060,1,0.7962,TabPFN
24,24.0,24.0,24.0,24.0,24.0,24.0,24.0,24.0,24.0,24.0,24.0,24.0,361060,1,0.799,TabPFNne
25,25.0,25.0,25.0,25.0,25.0,25.0,25.0,25.0,25.0,25.0,25.0,25.0,361060,2,0.7814,Random Forest
26,26.0,26.0,26.0,26.0,26.0,26.0,26.0,26.0,26.0,26.0,26.0,26.0,361060,2,0.7826,Gradient Boosting
27,27.0,27.0,27.0,27.0,27.0,27.0,27.0,27.0,27.0,27.0,27.0,27.0,361060,2,0.7302,Logistic Regression
28,28.0,28.0,28.0,28.0,28.0,28.0,28.0,28.0,28.0,28.0,28.0,28.0,361060,2,0.7776,TabPFN
29,29.0,29.0,29.0,29.0,29.0,29.0,29.0,29.0,29.0,29.0,29.0,29.0,361060,2,0.7792,TabPFNne
30,30.0,30.0,30.0,30.0,30.0,30.0,30.0,30.0,30.0,30.0,30.0,30.0,361061,0,0.7472,Random Forest
31,31.0,31.0,31.0,31.0,31.0,31.0,31.0,31.0,31.0,31.0,31.0,31.0,361061,0,0.7462,Gradient Boosting
32,32.0,32.0,32.0,32.0,32.0,32.0,32.0,32.0,32.0,32.0,32.0,32.0,361061,0,0.6266,Logistic Regression
33,33.0,33.0,33.0,33.0,33.0,33.0,33.0,33.0,33.0,33.0,33.0,33.0,361061,0,0.759,TabPFN
34,34.0,34.0,34.0,34.0,34.0,34.0,34.0,34.0,34.0,34.0,34.0,34.0,361061,0,0.756,TabPFNne
35,35.0,35.0,35.0,35.0,35.0,35.0,35.0,35.0,35.0,35.0,35.0,35.0,361061,1,0.7624,Random Forest
36,36.0,36.0,36.0,36.0,36.0,36.0,36.0,36.0,36.0,36.0,36.0,36.0,361061,1,0.757,Gradient Boosting
37,37.0,37.0,37.0,37.0,37.0,37.0,37.0,37.0,37.0,37.0,37.0,37.0,361061,1,0.6084,Logistic Regression
38,38.0,38.0,38.0,38.0,38.0,38.0,38.0,38.0,38.0,38.0,38.0,38.0,361061,1,0.7622,TabPFN
39,39.0,39.0,39.0,39.0,39.0,39.0,39.0,39.0,39.0,39.0,39.0,39.0,361061,1,0.7638,TabPFNne
40,40.0,40.0,40.0,40.0,40.0,40.0,40.0,40.0,40.0,40.0,40.0,40.0,361061,2,0.7574,Random Forest
41,41.0,41.0,41.0,41.0,41.0,41.0,41.0,41.0,41.0,41.0,41.0,41.0,361061,2,0.752,Gradient Boosting
42,42.0,42.0,42.0,42.0,42.0,42.0,42.0,42.0,42.0,42.0,42.0,42.0,361061,2,0.5972,Logistic Regression
43,43.0,43.0,43.0,43.0,43.0,43.0,43.0,43.0,43.0,43.0,43.0,43.0,361061,2,0.757,TabPFN
44,44.0,44.0,44.0,44.0,44.0,44.0,44.0,44.0,44.0,44.0,44.0,44.0,361061,2,0.752,TabPFNne
45,45.0,45.0,45.0,45.0,45.0,45.0,45.0,45.0,45.0,45.0,45.0,45.0,361062,0,0.9593455627169064,Random Forest
46,46.0,46.0,46.0,46.0,46.0,46.0,46.0,46.0,46.0,46.0,46.0,46.0,361062,0,0.9667823500247892,Gradient Boosting
47,47.0,47.0,47.0,47.0,47.0,47.0,47.0,47.0,47.0,47.0,47.0,47.0,361062,0,0.8463063956370848,Logistic Regression
48,48.0,48.0,48.0,48.0,48.0,48.0,48.0,48.0,48.0,48.0,48.0,48.0,361062,0,0.9662865642042636,TabPFN
49,49.0,49.0,49.0,49.0,49.0,49.0,49.0,49.0,49.0,49.0,49.0,49.0,361062,0,0.9633118492811106,TabPFNne
50,50.0,50.0,50.0,50.0,50.0,50.0,50.0,50.0,50.0,50.0,50.0,50.0,361062,1,0.9533961328706,Random Forest
51,51.0,51.0,51.0,51.0,51.0,51.0,51.0,51.0,51.0,51.0,51.0,51.0,361062,1,0.9563708477937533,Gradient Boosting
52,52.0,52.0,52.0,52.0,52.0,52.0,52.0,52.0,52.0,52.0,52.0,52.0,361062,1,0.8582052553296976,Logistic Regression
53,53.0,53.0,53.0,53.0,53.0,53.0,53.0,53.0,53.0,53.0,53.0,53.0,361062,1,0.9672781358453147,TabPFN
54,54.0,54.0,54.0,54.0,54.0,54.0,54.0,54.0,54.0,54.0,54.0,54.0,361062,1,0.9657907783837384,TabPFNne
55,55.0,55.0,55.0,55.0,55.0,55.0,55.0,55.0,55.0,55.0,55.0,55.0,361062,2,0.9509172037679724,Random Forest
56,56.0,56.0,56.0,56.0,56.0,56.0,56.0,56.0,56.0,56.0,56.0,56.0,361062,2,0.9603371343579572,Gradient Boosting
57,57.0,57.0,57.0,57.0,57.0,57.0,57.0,57.0,57.0,57.0,57.0,57.0,361062,2,0.8358948934060486,Logistic Regression
58,58.0,58.0,58.0,58.0,58.0,58.0,58.0,58.0,58.0,58.0,58.0,58.0,361062,2,0.968269707486366,TabPFN
59,59.0,59.0,59.0,59.0,59.0,59.0,59.0,59.0,59.0,59.0,59.0,59.0,361062,2,0.9657907783837384,TabPFNne
60,60.0,60.0,60.0,60.0,60.0,60.0,60.0,60.0,60.0,60.0,60.0,60.0,361063,0,0.8613787991104522,Random Forest
61,61.0,61.0,61.0,61.0,61.0,61.0,61.0,61.0,61.0,61.0,61.0,61.0,361063,0,0.8758339510748703,Gradient Boosting
62,62.0,62.0,62.0,62.0,62.0,62.0,62.0,62.0,62.0,62.0,62.0,62.0,361063,0,0.8398813936249073,Logistic Regression
63,63.0,63.0,63.0,63.0,63.0,63.0,63.0,63.0,63.0,63.0,63.0,63.0,361063,0,0.8702742772424018,TabPFN
64,64.0,64.0,64.0,64.0,64.0,64.0,64.0,64.0,64.0,64.0,64.0,64.0,361063,0,0.8673091178650852,TabPFNne
65,65.0,65.0,65.0,65.0,65.0,65.0,65.0,65.0,65.0,65.0,65.0,65.0,361063,1,0.8576723498888065,Random Forest
66,66.0,66.0,66.0,66.0,66.0,66.0,66.0,66.0,66.0,66.0,66.0,66.0,361063,1,0.8561897702001483,Gradient Boosting
67,67.0,67.0,67.0,67.0,67.0,67.0,67.0,67.0,67.0,67.0,67.0,67.0,361063,1,0.8280207561156412,Logistic Regression
68,68.0,68.0,68.0,68.0,68.0,68.0,68.0,68.0,68.0,68.0,68.0,68.0,361063,1,0.859896219421794,TabPFN
69,69.0,69.0,69.0,69.0,69.0,69.0,69.0,69.0,69.0,69.0,69.0,69.0,361063,1,0.8576723498888065,TabPFNne
70,70.0,70.0,70.0,70.0,70.0,70.0,70.0,70.0,70.0,70.0,70.0,70.0,361063,2,0.8510007412898444,Random Forest
71,71.0,71.0,71.0,71.0,71.0,71.0,71.0,71.0,71.0,71.0,71.0,71.0,361063,2,0.8550778354336546,Gradient Boosting
72,72.0,72.0,72.0,72.0,72.0,72.0,72.0,72.0,72.0,72.0,72.0,72.0,361063,2,0.8232023721275018,Logistic Regression
73,73.0,73.0,73.0,73.0,73.0,73.0,73.0,73.0,73.0,73.0,73.0,73.0,361063,2,0.860637509266123,TabPFN
74,74.0,74.0,74.0,74.0,74.0,74.0,74.0,74.0,74.0,74.0,74.0,74.0,361063,2,0.8569310600444774,TabPFNne
75,75.0,75.0,75.0,75.0,75.0,75.0,75.0,75.0,75.0,75.0,75.0,75.0,361065,0,0.8295964125560538,Random Forest
76,76.0,76.0,76.0,76.0,76.0,76.0,76.0,76.0,76.0,76.0,76.0,76.0,361065,0,0.8303437967115097,Gradient Boosting
77,77.0,77.0,77.0,77.0,77.0,77.0,77.0,77.0,77.0,77.0,77.0,77.0,361065,0,0.7567264573991032,Logistic Regression
78,78.0,78.0,78.0,78.0,78.0,78.0,78.0,78.0,78.0,78.0,78.0,78.0,361065,0,0.8370702541106129,TabPFN
79,79.0,79.0,79.0,79.0,79.0,79.0,79.0,79.0,79.0,79.0,79.0,79.0,361065,0,0.8355754857997011,TabPFNne
80,80.0,80.0,80.0,80.0,80.0,80.0,80.0,80.0,80.0,80.0,80.0,80.0,361065,1,0.8124065769805681,Random Forest
81,81.0,81.0,81.0,81.0,81.0,81.0,81.0,81.0,81.0,81.0,81.0,81.0,361065,1,0.804185351270553,Gradient Boosting
82,82.0,82.0,82.0,82.0,82.0,82.0,82.0,82.0,82.0,82.0,82.0,82.0,361065,1,0.7384155455904334,Logistic Regression
83,83.0,83.0,83.0,83.0,83.0,83.0,83.0,83.0,83.0,83.0,83.0,83.0,361065,1,0.8318385650224215,TabPFN
84,84.0,84.0,84.0,84.0,84.0,84.0,84.0,84.0,84.0,84.0,84.0,84.0,361065,1,0.8355754857997011,TabPFNne
85,85.0,85.0,85.0,85.0,85.0,85.0,85.0,85.0,85.0,85.0,85.0,85.0,361065,2,0.8243647234678625,Random Forest
86,86.0,86.0,86.0,86.0,86.0,86.0,86.0,86.0,86.0,86.0,86.0,86.0,361065,2,0.8239910313901345,Gradient Boosting
87,87.0,87.0,87.0,87.0,87.0,87.0,87.0,87.0,87.0,87.0,87.0,87.0,361065,2,0.7630792227204783,Logistic Regression
88,88.0,88.0,88.0,88.0,88.0,88.0,88.0,88.0,88.0,88.0,88.0,88.0,361065,2,0.8374439461883408,TabPFN
89,89.0,89.0,89.0,89.0,89.0,89.0,89.0,89.0,89.0,89.0,89.0,89.0,361065,2,0.8385650224215246,TabPFNne
90,90.0,90.0,90.0,90.0,90.0,90.0,90.0,90.0,90.0,90.0,90.0,90.0,361066,0,0.7712665406427222,Random Forest
91,91.0,91.0,91.0,91.0,91.0,91.0,91.0,91.0,91.0,91.0,91.0,91.0,361066,0,0.7783553875236295,Gradient Boosting
92,92.0,92.0,92.0,92.0,92.0,92.0,92.0,92.0,92.0,92.0,92.0,92.0,361066,0,0.747164461247637,Logistic Regression
93,93.0,93.0,93.0,93.0,93.0,93.0,93.0,93.0,93.0,93.0,93.0,93.0,361066,0,0.7802457466918714,TabPFN
94,94.0,94.0,94.0,94.0,94.0,94.0,94.0,94.0,94.0,94.0,94.0,94.0,361066,0,0.780718336483932,TabPFNne
95,95.0,95.0,95.0,95.0,95.0,95.0,95.0,95.0,95.0,95.0,95.0,95.0,361066,1,0.7835538752362949,Random Forest
96,96.0,96.0,96.0,96.0,96.0,96.0,96.0,96.0,96.0,96.0,96.0,96.0,361066,1,0.7863894139886578,Gradient Boosting
97,97.0,97.0,97.0,97.0,97.0,97.0,97.0,97.0,97.0,97.0,97.0,97.0,361066,1,0.7353497164461248,Logistic Regression
98,98.0,98.0,98.0,98.0,98.0,98.0,98.0,98.0,98.0,98.0,98.0,98.0,361066,1,0.7755198487712666,TabPFN
99,99.0,99.0,99.0,99.0,99.0,99.0,99.0,99.0,99.0,99.0,99.0,99.0,361066,1,0.7821361058601134,TabPFNne
100,100.0,100.0,100.0,100.0,100.0,100.0,100.0,100.0,100.0,100.0,100.0,100.0,361066,2,0.7868620037807184,Random Forest
101,101.0,101.0,101.0,101.0,101.0,101.0,101.0,101.0,101.0,101.0,101.0,101.0,361066,2,0.7911153119092628,Gradient Boosting
102,102.0,102.0,102.0,102.0,102.0,102.0,102.0,102.0,102.0,102.0,102.0,102.0,361066,2,0.7613421550094518,Logistic Regression
103,103.0,103.0,103.0,103.0,103.0,103.0,103.0,103.0,103.0,103.0,103.0,103.0,361066,2,0.7840264650283554,TabPFN
104,104.0,104.0,104.0,104.0,104.0,104.0,104.0,104.0,104.0,104.0,104.0,104.0,361066,2,0.779773156899811,TabPFNne
105,105.0,105.0,105.0,105.0,105.0,105.0,105.0,105.0,105.0,105.0,105.0,105.0,361068,0,0.8964,Random Forest
106,106.0,106.0,106.0,106.0,106.0,106.0,106.0,106.0,106.0,106.0,106.0,106.0,361068,0,0.8986,Gradient Boosting
107,107.0,107.0,107.0,107.0,107.0,107.0,107.0,107.0,107.0,107.0,107.0,107.0,361068,0,0.8866,Logistic Regression
108,108.0,108.0,108.0,108.0,108.0,108.0,108.0,108.0,108.0,108.0,108.0,108.0,361068,0,0.9178,TabPFN
109,109.0,109.0,109.0,109.0,109.0,109.0,109.0,109.0,109.0,109.0,109.0,109.0,361068,0,0.9192,TabPFNne
110,110.0,110.0,110.0,110.0,110.0,110.0,110.0,110.0,110.0,110.0,110.0,110.0,361068,1,0.9068,Random Forest
111,111.0,111.0,111.0,111.0,111.0,111.0,111.0,111.0,111.0,111.0,111.0,111.0,361068,1,0.9138,Gradient Boosting
112,112.0,112.0,112.0,112.0,112.0,112.0,112.0,112.0,112.0,112.0,112.0,112.0,361068,1,0.8882,Logistic Regression
113,113.0,113.0,113.0,113.0,113.0,113.0,113.0,113.0,113.0,113.0,113.0,113.0,361068,1,0.9266,TabPFN
114,114.0,114.0,114.0,114.0,114.0,114.0,114.0,114.0,114.0,114.0,114.0,114.0,361068,1,0.9294,TabPFNne
115,115.0,115.0,115.0,115.0,115.0,115.0,115.0,115.0,115.0,115.0,115.0,115.0,361068,2,0.902,Random Forest
116,116.0,116.0,116.0,116.0,116.0,116.0,116.0,116.0,116.0,116.0,116.0,116.0,361068,2,0.907,Gradient Boosting
117,117.0,117.0,117.0,117.0,117.0,117.0,117.0,117.0,117.0,117.0,117.0,117.0,361068,2,0.884,Logistic Regression
118,118.0,118.0,118.0,118.0,118.0,118.0,118.0,118.0,118.0,118.0,118.0,118.0,361068,2,0.9228,TabPFN
119,119.0,119.0,119.0,119.0,119.0,119.0,119.0,119.0,119.0,119.0,119.0,119.0,361068,2,0.9238,TabPFNne
120,120.0,120.0,120.0,120.0,120.0,120.0,120.0,120.0,120.0,120.0,120.0,120.0,361069,0,0.6634,Random Forest
121,121.0,121.0,121.0,121.0,121.0,121.0,121.0,121.0,121.0,121.0,121.0,121.0,361069,0,0.6674,Gradient Boosting
122,122.0,122.0,122.0,122.0,122.0,122.0,122.0,122.0,122.0,122.0,122.0,122.0,361069,0,0.5866,Logistic Regression
123,123.0,123.0,123.0,123.0,123.0,123.0,123.0,123.0,123.0,123.0,123.0,123.0,361069,0,0.6276,TabPFN
124,124.0,124.0,124.0,124.0,124.0,124.0,124.0,124.0,124.0,124.0,124.0,124.0,361069,0,0.6268,TabPFNne
125,125.0,125.0,125.0,125.0,125.0,125.0,125.0,125.0,125.0,125.0,125.0,125.0,361069,1,0.6646,Random Forest
126,126.0,126.0,126.0,126.0,126.0,126.0,126.0,126.0,126.0,126.0,126.0,126.0,361069,1,0.6758,Gradient Boosting
127,127.0,127.0,127.0,127.0,127.0,127.0,127.0,127.0,127.0,127.0,127.0,127.0,361069,1,0.576,Logistic Regression
128,128.0,128.0,128.0,128.0,128.0,128.0,128.0,128.0,128.0,128.0,128.0,128.0,361069,1,0.6346,TabPFN
129,129.0,129.0,129.0,129.0,129.0,129.0,129.0,129.0,129.0,129.0,129.0,129.0,361069,1,0.6304,TabPFNne
130,130.0,130.0,130.0,130.0,130.0,130.0,130.0,130.0,130.0,130.0,130.0,130.0,361069,2,0.655,Random Forest
131,131.0,131.0,131.0,131.0,131.0,131.0,131.0,131.0,131.0,131.0,131.0,131.0,361069,2,0.656,Gradient Boosting
132,132.0,132.0,132.0,132.0,132.0,132.0,132.0,132.0,132.0,132.0,132.0,132.0,361069,2,0.5838,Logistic Regression
133,133.0,133.0,133.0,133.0,133.0,133.0,133.0,133.0,133.0,133.0,133.0,133.0,361069,2,0.6246,TabPFN
134,134.0,134.0,134.0,134.0,134.0,134.0,134.0,134.0,134.0,134.0,134.0,134.0,361069,2,0.6176,TabPFNne
135,135.0,135.0,135.0,135.0,135.0,135.0,135.0,135.0,135.0,135.0,135.0,135.0,361070,0,0.5611038107752957,Random Forest
136,136.0,136.0,136.0,136.0,136.0,136.0,136.0,136.0,136.0,136.0,136.0,136.0,361070,0,0.5565045992115637,Gradient Boosting
137,137.0,137.0,137.0,137.0,137.0,137.0,137.0,137.0,137.0,137.0,137.0,137.0,361070,0,0.5308804204993429,Logistic Regression
138,138.0,138.0,138.0,138.0,138.0,138.0,138.0,138.0,138.0,138.0,138.0,138.0,361070,0,0.5420499342969777,TabPFN
139,139.0,139.0,139.0,139.0,139.0,139.0,139.0,139.0,139.0,139.0,139.0,139.0,361070,0,0.5348226018396847,TabPFNne
140,140.0,140.0,140.0,140.0,140.0,140.0,140.0,140.0,140.0,140.0,140.0,140.0,361070,1,0.5367936925098554,Random Forest
141,141.0,141.0,141.0,141.0,141.0,141.0,141.0,141.0,141.0,141.0,141.0,141.0,361070,1,0.5551905387647832,Gradient Boosting
142,142.0,142.0,142.0,142.0,142.0,142.0,142.0,142.0,142.0,142.0,142.0,142.0,361070,1,0.5289093298291722,Logistic Regression
143,143.0,143.0,143.0,143.0,143.0,143.0,143.0,143.0,143.0,143.0,143.0,143.0,361070,1,0.5137976346911958,TabPFN
144,144.0,144.0,144.0,144.0,144.0,144.0,144.0,144.0,144.0,144.0,144.0,144.0,361070,1,0.5183968462549278,TabPFNne
145,145.0,145.0,145.0,145.0,145.0,145.0,145.0,145.0,145.0,145.0,145.0,145.0,361070,2,0.5781865965834428,Random Forest
146,146.0,146.0,146.0,146.0,146.0,146.0,146.0,146.0,146.0,146.0,146.0,146.0,361070,2,0.5906701708278581,Gradient Boosting
147,147.0,147.0,147.0,147.0,147.0,147.0,147.0,147.0,147.0,147.0,147.0,147.0,361070,2,0.5361366622864652,Logistic Regression
148,148.0,148.0,148.0,148.0,148.0,148.0,148.0,148.0,148.0,148.0,148.0,148.0,361070,2,0.5788436268068331,TabPFN
149,149.0,149.0,149.0,149.0,149.0,149.0,149.0,149.0,149.0,149.0,149.0,149.0,361070,2,0.5716162943495401,TabPFNne
150,150.0,150.0,150.0,150.0,150.0,150.0,150.0,150.0,150.0,150.0,150.0,150.0,361273,0,0.5564,Random Forest
151,151.0,151.0,151.0,151.0,151.0,151.0,151.0,151.0,151.0,151.0,151.0,151.0,361273,0,0.5864,Gradient Boosting
152,152.0,152.0,152.0,152.0,152.0,152.0,152.0,152.0,152.0,152.0,152.0,152.0,361273,0,0.5976,Logistic Regression
153,153.0,153.0,153.0,153.0,153.0,153.0,153.0,153.0,153.0,153.0,153.0,153.0,361273,0,0.5952,TabPFN
154,154.0,154.0,154.0,154.0,154.0,154.0,154.0,154.0,154.0,154.0,154.0,154.0,361273,0,0.5968,TabPFNne
155,155.0,155.0,155.0,155.0,155.0,155.0,155.0,155.0,155.0,155.0,155.0,155.0,361273,1,0.569,Random Forest
156,156.0,156.0,156.0,156.0,156.0,156.0,156.0,156.0,156.0,156.0,156.0,156.0,361273,1,0.5794,Gradient Boosting
157,157.0,157.0,157.0,157.0,157.0,157.0,157.0,157.0,157.0,157.0,157.0,157.0,361273,1,0.5892,Logistic Regression
158,158.0,158.0,158.0,158.0,158.0,158.0,158.0,158.0,158.0,158.0,158.0,158.0,361273,1,0.6002,TabPFN
159,159.0,159.0,159.0,159.0,159.0,159.0,159.0,159.0,159.0,159.0,159.0,159.0,361273,1,0.6016,TabPFNne
160,160.0,160.0,160.0,160.0,160.0,160.0,160.0,160.0,160.0,160.0,160.0,160.0,361273,2,0.5722,Random Forest
161,161.0,161.0,161.0,161.0,161.0,161.0,161.0,161.0,161.0,161.0,161.0,161.0,361273,2,0.5902,Gradient Boosting
162,162.0,162.0,162.0,162.0,162.0,162.0,162.0,162.0,162.0,162.0,162.0,162.0,361273,2,0.5878,Logistic Regression
163,163.0,163.0,163.0,163.0,163.0,163.0,163.0,163.0,163.0,163.0,163.0,163.0,361273,2,0.6042,TabPFN
164,164.0,164.0,164.0,164.0,164.0,164.0,164.0,164.0,164.0,164.0,164.0,164.0,361273,2,0.605,TabPFNne
165,165.0,165.0,165.0,165.0,165.0,165.0,165.0,165.0,165.0,165.0,165.0,165.0,361274,0,0.7454,Random Forest
166,166.0,166.0,166.0,166.0,166.0,166.0,166.0,166.0,166.0,166.0,166.0,166.0,361274,0,0.7306,Gradient Boosting
167,167.0,167.0,167.0,167.0,167.0,167.0,167.0,167.0,167.0,167.0,167.0,167.0,361274,0,0.722,Logistic Regression
168,168.0,168.0,168.0,168.0,168.0,168.0,168.0,168.0,168.0,168.0,168.0,168.0,361274,0,0.742,TabPFN
169,169.0,169.0,169.0,169.0,169.0,169.0,169.0,169.0,169.0,169.0,169.0,169.0,361274,0,0.739,TabPFNne
170,170.0,170.0,170.0,170.0,170.0,170.0,170.0,170.0,170.0,170.0,170.0,170.0,361274,1,0.7352,Random Forest
171,171.0,171.0,171.0,171.0,171.0,171.0,171.0,171.0,171.0,171.0,171.0,171.0,361274,1,0.7274,Gradient Boosting
172,172.0,172.0,172.0,172.0,172.0,172.0,172.0,172.0,172.0,172.0,172.0,172.0,361274,1,0.7076,Logistic Regression
173,173.0,173.0,173.0,173.0,173.0,173.0,173.0,173.0,173.0,173.0,173.0,173.0,361274,1,0.7178,TabPFN
174,174.0,174.0,174.0,174.0,174.0,174.0,174.0,174.0,174.0,174.0,174.0,174.0,361274,1,0.7172,TabPFNne
175,175.0,175.0,175.0,175.0,175.0,175.0,175.0,175.0,175.0,175.0,175.0,175.0,361274,2,0.7314,Random Forest
176,176.0,176.0,176.0,176.0,176.0,176.0,176.0,176.0,176.0,176.0,176.0,176.0,361274,2,0.7282,Gradient Boosting
177,177.0,177.0,177.0,177.0,177.0,177.0,177.0,177.0,177.0,177.0,177.0,177.0,361274,2,0.7228,Logistic Regression
178,178.0,178.0,178.0,178.0,178.0,178.0,178.0,178.0,178.0,178.0,178.0,178.0,361274,2,0.7296,TabPFN
179,179.0,179.0,179.0,179.0,179.0,179.0,179.0,179.0,179.0,179.0,179.0,179.0,361274,2,0.7234,TabPFNne
180,180.0,180.0,180.0,180.0,180.0,180.0,180.0,180.0,180.0,180.0,180.0,180.0,361275,0,0.6911487758945386,Random Forest
181,181.0,181.0,181.0,181.0,181.0,181.0,181.0,181.0,181.0,181.0,181.0,181.0,361275,0,0.6937853107344633,Gradient Boosting
182,182.0,182.0,182.0,182.0,182.0,182.0,182.0,182.0,182.0,182.0,182.0,182.0,361275,0,0.6154425612052731,Logistic Regression
183,183.0,183.0,183.0,183.0,183.0,183.0,183.0,183.0,183.0,183.0,183.0,183.0,361275,0,0.7129943502824859,TabPFN
184,184.0,184.0,184.0,184.0,184.0,184.0,184.0,184.0,184.0,184.0,184.0,184.0,361275,0,0.7122410546139359,TabPFNne
185,185.0,185.0,185.0,185.0,185.0,185.0,185.0,185.0,185.0,185.0,185.0,185.0,361275,1,0.7122410546139359,Random Forest
186,186.0,186.0,186.0,186.0,186.0,186.0,186.0,186.0,186.0,186.0,186.0,186.0,361275,1,0.7099811676082862,Gradient Boosting
187,187.0,187.0,187.0,187.0,187.0,187.0,187.0,187.0,187.0,187.0,187.0,187.0,361275,1,0.6225988700564972,Logistic Regression
188,188.0,188.0,188.0,188.0,188.0,188.0,188.0,188.0,188.0,188.0,188.0,188.0,361275,1,0.7092278719397364,TabPFN
189,189.0,189.0,189.0,189.0,189.0,189.0,189.0,189.0,189.0,189.0,189.0,189.0,361275,1,0.7054613935969868,TabPFNne
190,190.0,190.0,190.0,190.0,190.0,190.0,190.0,190.0,190.0,190.0,190.0,190.0,361275,2,0.7069679849340866,Random Forest
191,191.0,191.0,191.0,191.0,191.0,191.0,191.0,191.0,191.0,191.0,191.0,191.0,361275,2,0.696798493408663,Gradient Boosting
192,192.0,192.0,192.0,192.0,192.0,192.0,192.0,192.0,192.0,192.0,192.0,192.0,361275,2,0.6090395480225989,Logistic Regression
193,193.0,193.0,193.0,193.0,193.0,193.0,193.0,193.0,193.0,193.0,193.0,193.0,361275,2,0.7058380414312617,TabPFN
194,194.0,194.0,194.0,194.0,194.0,194.0,194.0,194.0,194.0,194.0,194.0,194.0,361275,2,0.7050847457627119,TabPFNne
195,195.0,195.0,195.0,195.0,195.0,195.0,195.0,195.0,195.0,195.0,195.0,195.0,361277,0,0.8519505694208869,Random Forest
196,196.0,196.0,196.0,196.0,196.0,196.0,196.0,196.0,196.0,196.0,196.0,196.0,361277,0,0.8664889750424036,Gradient Boosting
197,197.0,197.0,197.0,197.0,197.0,197.0,197.0,197.0,197.0,197.0,197.0,197.0,361277,0,0.8313544947904047,Logistic Regression
198,198.0,198.0,198.0,198.0,198.0,198.0,198.0,198.0,198.0,198.0,198.0,198.0,361277,0,0.86188514659559,TabPFN
199,199.0,199.0,199.0,199.0,199.0,199.0,199.0,199.0,199.0,199.0,199.0,199.0,361277,0,0.8628543736370244,TabPFNne
200,200.0,200.0,200.0,200.0,200.0,200.0,200.0,200.0,200.0,200.0,200.0,200.0,361277,1,0.8563120911073419,Random Forest
201,201.0,201.0,201.0,201.0,201.0,201.0,201.0,201.0,201.0,201.0,201.0,201.0,361277,1,0.8655197480009692,Gradient Boosting
202,202.0,202.0,202.0,202.0,202.0,202.0,202.0,202.0,202.0,202.0,202.0,202.0,361277,1,0.831112188030046,Logistic Regression
203,203.0,203.0,203.0,203.0,203.0,203.0,203.0,203.0,203.0,203.0,203.0,203.0,361277,1,0.8630966803973831,TabPFN
204,204.0,204.0,204.0,204.0,204.0,204.0,204.0,204.0,204.0,204.0,204.0,204.0,361277,1,0.8599466925127212,TabPFNne
205,205.0,205.0,205.0,205.0,205.0,205.0,205.0,205.0,205.0,205.0,205.0,205.0,361277,2,0.8427429125272595,Random Forest
206,206.0,206.0,206.0,206.0,206.0,206.0,206.0,206.0,206.0,206.0,206.0,206.0,361277,2,0.8558274775866247,Gradient Boosting
207,207.0,207.0,207.0,207.0,207.0,207.0,207.0,207.0,207.0,207.0,207.0,207.0,361277,2,0.8269929731039496,Logistic Regression
208,208.0,208.0,208.0,208.0,208.0,208.0,208.0,208.0,208.0,208.0,208.0,208.0,361277,2,0.8575236249091349,TabPFN
209,209.0,209.0,209.0,209.0,209.0,209.0,209.0,209.0,209.0,209.0,209.0,209.0,361277,2,0.8553428640659074,TabPFNne
210,210.0,210.0,210.0,210.0,210.0,210.0,210.0,210.0,210.0,210.0,210.0,210.0,361278,0,0.7065,Random Forest
211,211.0,211.0,211.0,211.0,211.0,211.0,211.0,211.0,211.0,211.0,211.0,211.0,361278,0,0.7005,Gradient Boosting
212,212.0,212.0,212.0,212.0,212.0,212.0,212.0,212.0,212.0,212.0,212.0,212.0,361278,0,0.6865,Logistic Regression
213,213.0,213.0,213.0,213.0,213.0,213.0,213.0,213.0,213.0,213.0,213.0,213.0,361278,0,0.7035,TabPFN
214,214.0,214.0,214.0,214.0,214.0,214.0,214.0,214.0,214.0,214.0,214.0,214.0,361278,0,0.7055,TabPFNne
215,215.0,215.0,215.0,215.0,215.0,215.0,215.0,215.0,215.0,215.0,215.0,215.0,361278,1,0.7135,Random Forest
216,216.0,216.0,216.0,216.0,216.0,216.0,216.0,216.0,216.0,216.0,216.0,216.0,361278,1,0.708,Gradient Boosting
217,217.0,217.0,217.0,217.0,217.0,217.0,217.0,217.0,217.0,217.0,217.0,217.0,361278,1,0.6965,Logistic Regression
218,218.0,218.0,218.0,218.0,218.0,218.0,218.0,218.0,218.0,218.0,218.0,218.0,361278,1,0.7105,TabPFN
219,219.0,219.0,219.0,219.0,219.0,219.0,219.0,219.0,219.0,219.0,219.0,219.0,361278,1,0.71,TabPFNne
220,220.0,220.0,220.0,220.0,220.0,220.0,220.0,220.0,220.0,220.0,220.0,220.0,361278,2,0.698,Random Forest
221,221.0,221.0,221.0,221.0,221.0,221.0,221.0,221.0,221.0,221.0,221.0,221.0,361278,2,0.697,Gradient Boosting
222,222.0,222.0,222.0,222.0,222.0,222.0,222.0,222.0,222.0,222.0,222.0,222.0,361278,2,0.691,Logistic Regression
223,223.0,223.0,223.0,223.0,223.0,223.0,223.0,223.0,223.0,223.0,223.0,223.0,361278,2,0.703,TabPFN
224,224.0,224.0,224.0,224.0,224.0,224.0,224.0,224.0,224.0,224.0,224.0,224.0,361278,2,0.7025,TabPFNne
225,225.0,225.0,225.0,225.0,225.0,225.0,225.0,225.0,225.0,225.0,,,361055,0,0.7457373616512115,default35970_260
226,226.0,226.0,226.0,226.0,226.0,226.0,226.0,226.0,226.0,226.0,,,361055,1,0.7475321567454383,default35970_260
227,227.0,227.0,227.0,227.0,227.0,227.0,227.0,227.0,227.0,227.0,,,361055,2,0.7466347591983249,default35970_260
228,228.0,228.0,228.0,228.0,228.0,228.0,228.0,228.0,228.0,228.0,,,361060,0,0.7636,default35970_260
229,229.0,229.0,229.0,229.0,229.0,229.0,229.0,229.0,229.0,229.0,,,361060,1,0.7834,default35970_260
230,230.0,230.0,230.0,230.0,230.0,230.0,230.0,230.0,230.0,230.0,,,361060,2,0.755,default35970_260
231,231.0,231.0,231.0,231.0,231.0,231.0,231.0,231.0,231.0,231.0,,,361061,0,0.7244,default35970_260
232,232.0,232.0,232.0,232.0,232.0,232.0,232.0,232.0,232.0,232.0,,,361061,1,0.7254,default35970_260
233,233.0,233.0,233.0,233.0,233.0,233.0,233.0,233.0,233.0,233.0,,,361061,2,0.7294,default35970_260
234,234.0,234.0,234.0,234.0,234.0,234.0,234.0,234.0,234.0,234.0,,,361062,0,0.9504214179474468,default35970_260
235,235.0,235.0,235.0,235.0,235.0,235.0,235.0,235.0,235.0,235.0,,,361062,1,0.9568666336142786,default35970_260
236,236.0,236.0,236.0,236.0,236.0,236.0,236.0,236.0,236.0,236.0,,,361062,2,0.9514129895884976,default35970_260
237,237.0,237.0,237.0,237.0,237.0,237.0,237.0,237.0,237.0,237.0,,,361063,0,0.859896219421794,default35970_260
238,238.0,238.0,238.0,238.0,238.0,238.0,238.0,238.0,238.0,238.0,,,361063,1,0.8495181616011861,default35970_260
239,239.0,239.0,239.0,239.0,239.0,239.0,239.0,239.0,239.0,239.0,,,361063,2,0.8517420311341735,default35970_260
240,240.0,240.0,240.0,240.0,240.0,240.0,240.0,240.0,240.0,240.0,,,361065,0,0.8101644245142003,default35970_260
241,241.0,241.0,241.0,241.0,241.0,241.0,241.0,241.0,241.0,241.0,,,361065,1,0.8086696562032885,default35970_260
242,242.0,242.0,242.0,242.0,242.0,242.0,242.0,242.0,242.0,242.0,,,361065,2,0.8195067264573991,default35970_260
243,243.0,243.0,243.0,243.0,243.0,243.0,243.0,243.0,243.0,243.0,,,361066,0,0.7448015122873346,default35970_260
244,244.0,244.0,244.0,244.0,244.0,244.0,244.0,244.0,244.0,244.0,,,361066,1,0.7542533081285444,default35970_260
245,245.0,245.0,245.0,245.0,245.0,245.0,245.0,245.0,245.0,245.0,,,361066,2,0.751890359168242,default35970_260
246,246.0,246.0,246.0,246.0,246.0,246.0,246.0,246.0,246.0,246.0,,,361068,0,0.9188,default35970_260
247,247.0,247.0,247.0,247.0,247.0,247.0,247.0,247.0,247.0,247.0,,,361068,1,0.9278,default35970_260
248,248.0,248.0,248.0,248.0,248.0,248.0,248.0,248.0,248.0,248.0,,,361068,2,0.9222,default35970_260
249,249.0,249.0,249.0,249.0,249.0,249.0,249.0,249.0,249.0,249.0,,,361069,0,0.6108,default35970_260
250,250.0,250.0,250.0,250.0,250.0,250.0,250.0,250.0,250.0,250.0,,,361069,1,0.607,default35970_260
251,251.0,251.0,251.0,251.0,251.0,251.0,251.0,251.0,251.0,251.0,,,361069,2,0.62,default35970_260
252,252.0,252.0,252.0,252.0,252.0,252.0,252.0,252.0,252.0,252.0,,,361070,0,0.5328515111695138,default35970_260
253,253.0,253.0,253.0,253.0,253.0,253.0,253.0,253.0,253.0,253.0,,,361070,1,0.5367936925098554,default35970_260
254,254.0,254.0,254.0,254.0,254.0,254.0,254.0,254.0,254.0,254.0,,,361070,2,0.5788436268068331,default35970_260
255,255.0,255.0,255.0,255.0,255.0,255.0,255.0,255.0,255.0,255.0,,,361273,0,0.5608,default35970_260
256,256.0,256.0,256.0,256.0,256.0,256.0,256.0,256.0,256.0,256.0,,,361273,1,0.5622,default35970_260
257,257.0,257.0,257.0,257.0,257.0,257.0,257.0,257.0,257.0,257.0,,,361273,2,0.5702,default35970_260
258,258.0,258.0,258.0,258.0,258.0,258.0,258.0,258.0,258.0,258.0,,,361274,0,0.7398,default35970_260
259,259.0,259.0,259.0,259.0,259.0,259.0,259.0,259.0,259.0,259.0,,,361274,1,0.7194,default35970_260
260,260.0,260.0,260.0,260.0,260.0,260.0,260.0,260.0,260.0,260.0,,,361274,2,0.7292,default35970_260
261,261.0,261.0,261.0,261.0,261.0,261.0,261.0,261.0,261.0,261.0,,,361275,0,0.6900188323917138,default35970_260
262,262.0,262.0,262.0,262.0,262.0,262.0,262.0,262.0,262.0,262.0,,,361275,1,0.6670433145009416,default35970_260
263,263.0,263.0,263.0,263.0,263.0,263.0,263.0,263.0,263.0,263.0,,,361275,2,0.6907721280602637,default35970_260
264,264.0,264.0,264.0,264.0,264.0,264.0,264.0,264.0,264.0,264.0,,,361277,0,0.8315968015507633,default35970_260
265,265.0,265.0,265.0,265.0,265.0,265.0,265.0,265.0,265.0,265.0,,,361277,1,0.8415313787254665,default35970_260
266,266.0,266.0,266.0,266.0,266.0,266.0,266.0,266.0,266.0,266.0,,,361277,2,0.8369275502786527,default35970_260
267,267.0,267.0,267.0,267.0,267.0,267.0,267.0,267.0,267.0,267.0,,,361278,0,0.6775,default35970_260
268,268.0,268.0,268.0,268.0,268.0,268.0,268.0,268.0,268.0,268.0,,,361278,1,0.6885,default35970_260
269,269.0,269.0,269.0,269.0,269.0,269.0,269.0,269.0,269.0,269.0,,,361278,2,0.682,default35970_260
270,270.0,270.0,270.0,270.0,270.0,270.0,270.0,270.0,270.0,,,,361055,0,0.759796589889321,trees13368_60
271,271.0,271.0,271.0,271.0,271.0,271.0,271.0,271.0,271.0,,,,361055,0,0.7618905174992522,trees456_390
272,272.0,272.0,272.0,272.0,272.0,272.0,272.0,272.0,272.0,,,,361055,0,0.76308704756207,trees66554_75
273,273.0,273.0,273.0,273.0,273.0,273.0,273.0,273.0,273.0,,,,361055,1,0.7538139395752318,trees13368_60
274,274.0,274.0,274.0,274.0,274.0,274.0,274.0,274.0,274.0,,,,361055,1,0.7511217469338917,trees456_390
275,275.0,275.0,275.0,275.0,275.0,275.0,275.0,275.0,275.0,,,,361055,1,0.759198324857912,trees66554_75
276,276.0,276.0,276.0,276.0,276.0,276.0,276.0,276.0,276.0,,,,361055,2,0.7406521088842357,trees13368_60
277,277.0,277.0,277.0,277.0,277.0,277.0,277.0,277.0,277.0,,,,361055,2,0.7469338917140294,trees456_390
278,278.0,278.0,278.0,278.0,278.0,278.0,278.0,278.0,278.0,,,,361055,2,0.7451390966198026,trees66554_75
279,279.0,279.0,279.0,279.0,279.0,279.0,279.0,279.0,279.0,,,,361060,0,0.7746,trees13368_60
280,280.0,280.0,280.0,280.0,280.0,280.0,280.0,280.0,280.0,,,,361060,0,0.7748,trees456_390
281,281.0,281.0,281.0,281.0,281.0,281.0,281.0,281.0,281.0,,,,361060,0,0.7706,trees66554_75
282,282.0,282.0,282.0,282.0,282.0,282.0,282.0,282.0,282.0,,,,361060,1,0.799,trees13368_60
283,283.0,283.0,283.0,283.0,283.0,283.0,283.0,283.0,283.0,,,,361060,1,0.7962,trees456_390
284,284.0,284.0,284.0,284.0,284.0,284.0,284.0,284.0,284.0,,,,361060,1,0.7878,trees66554_75
285,285.0,285.0,285.0,285.0,285.0,285.0,285.0,285.0,285.0,,,,361060,2,0.7638,trees13368_60
286,286.0,286.0,286.0,286.0,286.0,286.0,286.0,286.0,286.0,,,,361060,2,0.7762,trees456_390
287,287.0,287.0,287.0,287.0,287.0,287.0,287.0,287.0,287.0,,,,361060,2,0.766,trees66554_75
288,288.0,288.0,288.0,288.0,288.0,288.0,288.0,288.0,288.0,,,,361061,0,0.7458,trees13368_60
289,289.0,289.0,289.0,289.0,289.0,289.0,289.0,289.0,289.0,,,,361061,0,0.7382,trees456_390
290,290.0,290.0,290.0,290.0,290.0,290.0,290.0,290.0,290.0,,,,361061,0,0.7388,trees66554_75
291,291.0,291.0,291.0,291.0,291.0,291.0,291.0,291.0,291.0,,,,361061,1,0.758,trees13368_60
292,292.0,292.0,292.0,292.0,292.0,292.0,292.0,292.0,292.0,,,,361061,1,0.7588,trees456_390
293,293.0,293.0,293.0,293.0,293.0,293.0,293.0,293.0,293.0,,,,361061,1,0.7566,trees66554_75
294,294.0,294.0,294.0,294.0,294.0,294.0,294.0,294.0,294.0,,,,361061,2,0.7632,trees13368_60
295,295.0,295.0,295.0,295.0,295.0,295.0,295.0,295.0,295.0,,,,361061,2,0.76,trees456_390
296,296.0,296.0,296.0,296.0,296.0,296.0,296.0,296.0,296.0,,,,361061,2,0.757,trees66554_75
297,297.0,297.0,297.0,297.0,297.0,297.0,297.0,297.0,297.0,,,,361062,0,0.9608329201784828,trees13368_60
298,298.0,298.0,298.0,298.0,298.0,298.0,298.0,298.0,298.0,,,,361062,0,0.9742191373326724,trees456_390
299,299.0,299.0,299.0,299.0,299.0,299.0,299.0,299.0,299.0,,,,361062,0,0.9732275656916212,trees66554_75
300,300.0,300.0,300.0,300.0,300.0,300.0,300.0,300.0,300.0,,,,361062,1,0.9712444224095192,trees13368_60
301,301.0,301.0,301.0,301.0,301.0,301.0,301.0,301.0,301.0,,,,361062,1,0.9533961328706,trees456_390
302,302.0,302.0,302.0,302.0,302.0,302.0,302.0,302.0,302.0,,,,361062,1,0.954387704511651,trees66554_75
303,303.0,303.0,303.0,303.0,303.0,303.0,303.0,303.0,303.0,,,,361062,2,0.9588497768963808,trees13368_60
304,304.0,304.0,304.0,304.0,304.0,304.0,304.0,304.0,304.0,,,,361062,2,0.9752107089737232,trees456_390
305,305.0,305.0,305.0,305.0,305.0,305.0,305.0,305.0,305.0,,,,361062,2,0.9712444224095192,trees66554_75
306,306.0,306.0,306.0,306.0,306.0,306.0,306.0,306.0,306.0,,,,361063,0,0.8636026686434396,trees13368_60
307,307.0,307.0,307.0,307.0,307.0,307.0,307.0,307.0,307.0,,,,361063,0,0.8661971830985915,trees456_390
308,308.0,308.0,308.0,308.0,308.0,308.0,308.0,308.0,308.0,,,,361063,0,0.8561897702001483,trees66554_75
309,309.0,309.0,309.0,309.0,309.0,309.0,309.0,309.0,309.0,,,,361063,1,0.8476649369903633,trees13368_60
310,310.0,310.0,310.0,310.0,310.0,310.0,310.0,310.0,310.0,,,,361063,1,0.838398813936249,trees456_390
311,311.0,311.0,311.0,311.0,311.0,311.0,311.0,311.0,311.0,,,,361063,1,0.8543365455893255,trees66554_75
312,312.0,312.0,312.0,312.0,312.0,312.0,312.0,312.0,312.0,,,,361063,2,0.8498888065233506,trees13368_60
313,313.0,313.0,313.0,313.0,313.0,313.0,313.0,313.0,313.0,,,,361063,2,0.8443291326908822,trees456_390
314,314.0,314.0,314.0,314.0,314.0,314.0,314.0,314.0,314.0,,,,361063,2,0.8550778354336546,trees66554_75
315,315.0,315.0,315.0,315.0,315.0,315.0,315.0,315.0,315.0,,,,361065,0,0.8224962630792227,trees13368_60
316,316.0,316.0,316.0,316.0,316.0,316.0,316.0,316.0,316.0,,,,361065,0,0.8251121076233184,trees456_390
317,317.0,317.0,317.0,317.0,317.0,317.0,317.0,317.0,317.0,,,,361065,0,0.8322122571001495,trees66554_75
318,318.0,318.0,318.0,318.0,318.0,318.0,318.0,318.0,318.0,,,,361065,1,0.8068011958146487,trees13368_60
319,319.0,319.0,319.0,319.0,319.0,319.0,319.0,319.0,319.0,,,,361065,1,0.8176382660687593,trees456_390
320,320.0,320.0,320.0,320.0,320.0,320.0,320.0,320.0,320.0,,,,361065,1,0.8105381165919282,trees66554_75
321,321.0,321.0,321.0,321.0,321.0,321.0,321.0,321.0,321.0,,,,361065,2,0.8254857997010463,trees13368_60
322,322.0,322.0,322.0,322.0,322.0,322.0,322.0,322.0,322.0,,,,361065,2,0.8153961136023916,trees456_390
323,323.0,323.0,323.0,323.0,323.0,323.0,323.0,323.0,323.0,,,,361065,2,0.82847533632287,trees66554_75
324,324.0,324.0,324.0,324.0,324.0,324.0,324.0,324.0,324.0,,,,361066,0,0.7745746691871456,trees13368_60
325,325.0,325.0,325.0,325.0,325.0,325.0,325.0,325.0,325.0,,,,361066,0,0.7698487712665406,trees456_390
326,326.0,326.0,326.0,326.0,326.0,326.0,326.0,326.0,326.0,,,,361066,0,0.7674858223062382,trees66554_75
327,327.0,327.0,327.0,327.0,327.0,327.0,327.0,327.0,327.0,,,,361066,1,0.7764650283553876,trees13368_60
328,328.0,328.0,328.0,328.0,328.0,328.0,328.0,328.0,328.0,,,,361066,1,0.7736294896030246,trees456_390
329,329.0,329.0,329.0,329.0,329.0,329.0,329.0,329.0,329.0,,,,361066,1,0.777882797731569,trees66554_75
330,330.0,330.0,330.0,330.0,330.0,330.0,330.0,330.0,330.0,,,,361066,2,0.7689035916824196,trees13368_60
331,331.0,331.0,331.0,331.0,331.0,331.0,331.0,331.0,331.0,,,,361066,2,0.7821361058601134,trees456_390
332,332.0,332.0,332.0,332.0,332.0,332.0,332.0,332.0,332.0,,,,361066,2,0.782608695652174,trees66554_75
333,333.0,333.0,333.0,333.0,333.0,333.0,333.0,333.0,333.0,,,,361068,0,0.903,trees13368_60
334,334.0,334.0,334.0,334.0,334.0,334.0,334.0,334.0,334.0,,,,361068,0,0.8984,trees456_390
335,335.0,335.0,335.0,335.0,335.0,335.0,335.0,335.0,335.0,,,,361068,0,0.9132,trees66554_75
336,336.0,336.0,336.0,336.0,336.0,336.0,336.0,336.0,336.0,,,,361068,1,0.914,trees13368_60
337,337.0,337.0,337.0,337.0,337.0,337.0,337.0,337.0,337.0,,,,361068,1,0.9102,trees456_390
338,338.0,338.0,338.0,338.0,338.0,338.0,338.0,338.0,338.0,,,,361068,1,0.913,trees66554_75
339,339.0,339.0,339.0,339.0,339.0,339.0,339.0,339.0,339.0,,,,361068,2,0.9078,trees13368_60
340,340.0,340.0,340.0,340.0,340.0,340.0,340.0,340.0,340.0,,,,361068,2,0.9114,trees456_390
341,341.0,341.0,341.0,341.0,341.0,341.0,341.0,341.0,341.0,,,,361068,2,0.911,trees66554_75
342,342.0,342.0,342.0,342.0,342.0,342.0,342.0,342.0,342.0,,,,361069,0,0.6588,trees13368_60
343,343.0,343.0,343.0,343.0,343.0,343.0,343.0,343.0,343.0,,,,361069,0,0.6586,trees456_390
344,344.0,344.0,344.0,344.0,344.0,344.0,344.0,344.0,344.0,,,,361069,0,0.6506,trees66554_75
345,345.0,345.0,345.0,345.0,345.0,345.0,345.0,345.0,345.0,,,,361069,1,0.6658,trees13368_60
346,346.0,346.0,346.0,346.0,346.0,346.0,346.0,346.0,346.0,,,,361069,1,0.658,trees456_390
347,347.0,347.0,347.0,347.0,347.0,347.0,347.0,347.0,347.0,,,,361069,1,0.646,trees66554_75
348,348.0,348.0,348.0,348.0,348.0,348.0,348.0,348.0,348.0,,,,361069,2,0.6444,trees13368_60
349,349.0,349.0,349.0,349.0,349.0,349.0,349.0,349.0,349.0,,,,361069,2,0.6528,trees456_390
350,350.0,350.0,350.0,350.0,350.0,350.0,350.0,350.0,350.0,,,,361069,2,0.6528,trees66554_75
351,351.0,351.0,351.0,351.0,351.0,351.0,351.0,351.0,351.0,,,,361070,0,0.5413929040735874,trees13368_60
352,352.0,352.0,352.0,352.0,352.0,352.0,352.0,352.0,352.0,,,,361070,0,0.5394218134034166,trees456_390
353,353.0,353.0,353.0,353.0,353.0,353.0,353.0,353.0,353.0,,,,361070,0,0.5446780551905388,trees66554_75
354,354.0,354.0,354.0,354.0,354.0,354.0,354.0,354.0,354.0,,,,361070,1,0.5328515111695138,trees13368_60
355,355.0,355.0,355.0,355.0,355.0,355.0,355.0,355.0,355.0,,,,361070,1,0.533508541392904,trees456_390
356,356.0,356.0,356.0,356.0,356.0,356.0,356.0,356.0,356.0,,,,361070,1,0.5321944809461235,trees66554_75
357,357.0,357.0,357.0,357.0,357.0,357.0,357.0,357.0,357.0,,,,361070,2,0.580814717477004,trees13368_60
358,358.0,358.0,358.0,358.0,358.0,358.0,358.0,358.0,358.0,,,,361070,2,0.5716162943495401,trees456_390
359,359.0,359.0,359.0,359.0,359.0,359.0,359.0,359.0,359.0,,,,361070,2,0.5716162943495401,trees66554_75
360,360.0,360.0,360.0,360.0,360.0,360.0,360.0,360.0,360.0,,,,361273,0,0.5878,trees13368_60
361,361.0,361.0,361.0,361.0,361.0,361.0,361.0,361.0,361.0,,,,361273,0,0.5782,trees456_390
362,362.0,362.0,362.0,362.0,362.0,362.0,362.0,362.0,362.0,,,,361273,0,0.5796,trees66554_75
363,363.0,363.0,363.0,363.0,363.0,363.0,363.0,363.0,363.0,,,,361273,1,0.5924,trees13368_60
364,364.0,364.0,364.0,364.0,364.0,364.0,364.0,364.0,364.0,,,,361273,1,0.585,trees456_390
365,365.0,365.0,365.0,365.0,365.0,365.0,365.0,365.0,365.0,,,,361273,1,0.5898,trees66554_75
366,366.0,366.0,366.0,366.0,366.0,366.0,366.0,366.0,366.0,,,,361273,2,0.577,trees13368_60
367,367.0,367.0,367.0,367.0,367.0,367.0,367.0,367.0,367.0,,,,361273,2,0.5882,trees456_390
368,368.0,368.0,368.0,368.0,368.0,368.0,368.0,368.0,368.0,,,,361273,2,0.5846,trees66554_75
369,369.0,369.0,369.0,369.0,369.0,369.0,369.0,369.0,369.0,,,,361274,0,0.7376,trees13368_60
370,370.0,370.0,370.0,370.0,370.0,370.0,370.0,370.0,370.0,,,,361274,0,0.7486,trees456_390
371,371.0,371.0,371.0,371.0,371.0,371.0,371.0,371.0,371.0,,,,361274,0,0.743,trees66554_75
372,372.0,372.0,372.0,372.0,372.0,372.0,372.0,372.0,372.0,,,,361274,1,0.7338,trees13368_60
373,373.0,373.0,373.0,373.0,373.0,373.0,373.0,373.0,373.0,,,,361274,1,0.722,trees456_390
374,374.0,374.0,374.0,374.0,374.0,374.0,374.0,374.0,374.0,,,,361274,1,0.7216,trees66554_75
375,375.0,375.0,375.0,375.0,375.0,375.0,375.0,375.0,375.0,,,,361274,2,0.7312,trees13368_60
376,376.0,376.0,376.0,376.0,376.0,376.0,376.0,376.0,376.0,,,,361274,2,0.735,trees456_390
377,377.0,377.0,377.0,377.0,377.0,377.0,377.0,377.0,377.0,,,,361274,2,0.7392,trees66554_75
378,378.0,378.0,378.0,378.0,378.0,378.0,378.0,378.0,378.0,,,,361275,0,0.7088512241054614,trees13368_60
379,379.0,379.0,379.0,379.0,379.0,379.0,379.0,379.0,379.0,,,,361275,0,0.6975517890772128,trees456_390
380,380.0,380.0,380.0,380.0,380.0,380.0,380.0,380.0,380.0,,,,361275,0,0.7058380414312617,trees66554_75
381,381.0,381.0,381.0,381.0,381.0,381.0,381.0,381.0,381.0,,,,361275,1,0.6945386064030132,trees13368_60
382,382.0,382.0,382.0,382.0,382.0,382.0,382.0,382.0,382.0,,,,361275,1,0.7013182674199623,trees456_390
383,383.0,383.0,383.0,383.0,383.0,383.0,383.0,383.0,383.0,,,,361275,1,0.6945386064030132,trees66554_75
384,384.0,384.0,384.0,384.0,384.0,384.0,384.0,384.0,384.0,,,,361275,2,0.6892655367231638,trees13368_60
385,385.0,385.0,385.0,385.0,385.0,385.0,385.0,385.0,385.0,,,,361275,2,0.7020715630885123,trees456_390
386,386.0,386.0,386.0,386.0,386.0,386.0,386.0,386.0,386.0,,,,361275,2,0.695668549905838,trees66554_75
387,387.0,387.0,387.0,387.0,387.0,387.0,387.0,387.0,387.0,,,,361277,0,0.8439544463290526,trees13368_60
388,388.0,388.0,388.0,388.0,388.0,388.0,388.0,388.0,388.0,,,,361277,0,0.8432275260479767,trees456_390
389,389.0,389.0,389.0,389.0,389.0,389.0,389.0,389.0,389.0,,,,361277,0,0.83741216379937,trees66554_75
390,390.0,390.0,390.0,390.0,390.0,390.0,390.0,390.0,390.0,,,,361277,1,0.8395929246425975,trees13368_60
391,391.0,391.0,391.0,391.0,391.0,391.0,391.0,391.0,391.0,,,,361277,1,0.8376544705597286,trees456_390
392,392.0,392.0,392.0,392.0,392.0,392.0,392.0,392.0,392.0,,,,361277,1,0.8441967530894112,trees66554_75
393,393.0,393.0,393.0,393.0,393.0,393.0,393.0,393.0,393.0,,,,361277,2,0.8265083595832323,trees13368_60
394,394.0,394.0,394.0,394.0,394.0,394.0,394.0,394.0,394.0,,,,361277,2,0.8286891204264599,trees456_390
395,395.0,395.0,395.0,395.0,395.0,395.0,395.0,395.0,395.0,,,,361277,2,0.8345044826750666,trees66554_75
396,396.0,396.0,396.0,396.0,396.0,396.0,396.0,396.0,396.0,,,,361278,0,0.685,trees13368_60
397,397.0,397.0,397.0,397.0,397.0,397.0,397.0,397.0,397.0,,,,361278,0,0.678,trees456_390
398,398.0,398.0,398.0,398.0,398.0,398.0,398.0,398.0,398.0,,,,361278,0,0.6865,trees66554_75
399,399.0,399.0,399.0,399.0,399.0,399.0,399.0,399.0,399.0,,,,361278,1,0.7025,trees13368_60
400,400.0,400.0,400.0,400.0,400.0,400.0,400.0,400.0,400.0,,,,361278,1,0.702,trees456_390
401,401.0,401.0,401.0,401.0,401.0,401.0,401.0,401.0,401.0,,,,361278,1,0.699,trees66554_75
402,402.0,402.0,402.0,402.0,402.0,402.0,402.0,402.0,402.0,,,,361278,2,0.67,trees13368_60
403,403.0,403.0,403.0,403.0,403.0,403.0,403.0,403.0,403.0,,,,361278,2,0.6955,trees456_390
404,404.0,404.0,404.0,404.0,404.0,404.0,404.0,404.0,404.0,,,,361278,2,0.685,trees66554_75
405,405.0,405.0,405.0,405.0,405.0,405.0,405.0,405.0,,,,,361055,0,0.7792402034101107,mlp60400_160
406,406.0,406.0,406.0,406.0,406.0,406.0,406.0,406.0,,,,,361055,0,0.7780436733472929,mlp71353_400
407,407.0,407.0,407.0,407.0,407.0,407.0,407.0,407.0,,,,,361055,1,0.7783428058629973,mlp60400_160
408,408.0,408.0,408.0,408.0,408.0,408.0,408.0,408.0,,,,,361055,1,0.776847143284475,mlp71353_400
409,409.0,409.0,409.0,409.0,409.0,409.0,409.0,409.0,,,,,361055,2,0.7588991923422076,mlp60400_160
410,410.0,410.0,410.0,410.0,410.0,410.0,410.0,410.0,,,,,361055,2,0.7624887825306611,mlp71353_400
411,411.0,411.0,411.0,411.0,411.0,411.0,411.0,411.0,,,,,361060,0,0.772,mlp60400_160
412,412.0,412.0,412.0,412.0,412.0,412.0,412.0,412.0,,,,,361060,0,0.7712,mlp71353_400
413,413.0,413.0,413.0,413.0,413.0,413.0,413.0,413.0,,,,,361060,1,0.7966,mlp60400_160
414,414.0,414.0,414.0,414.0,414.0,414.0,414.0,414.0,,,,,361060,1,0.7932,mlp71353_400
415,415.0,415.0,415.0,415.0,415.0,415.0,415.0,415.0,,,,,361060,2,0.7788,mlp60400_160
416,416.0,416.0,416.0,416.0,416.0,416.0,416.0,416.0,,,,,361060,2,0.777,mlp71353_400
417,417.0,417.0,417.0,417.0,417.0,417.0,417.0,417.0,,,,,361061,0,0.751,mlp60400_160
418,418.0,418.0,418.0,418.0,418.0,418.0,418.0,418.0,,,,,361061,0,0.7508,mlp71353_400
419,419.0,419.0,419.0,419.0,419.0,419.0,419.0,419.0,,,,,361061,1,0.7608,mlp60400_160
420,420.0,420.0,420.0,420.0,420.0,420.0,420.0,420.0,,,,,361061,1,0.7636,mlp71353_400
421,421.0,421.0,421.0,421.0,421.0,421.0,421.0,421.0,,,,,361061,2,0.7558,mlp60400_160
422,422.0,422.0,422.0,422.0,422.0,422.0,422.0,422.0,,,,,361061,2,0.7568,mlp71353_400
423,423.0,423.0,423.0,423.0,423.0,423.0,423.0,423.0,,,,,361062,0,0.9533961328706,mlp60400_160
424,424.0,424.0,424.0,424.0,424.0,424.0,424.0,424.0,,,,,361062,0,0.954387704511651,mlp71353_400
425,425.0,425.0,425.0,425.0,425.0,425.0,425.0,425.0,,,,,361062,1,0.959841348537432,mlp60400_160
426,426.0,426.0,426.0,426.0,426.0,426.0,426.0,426.0,,,,,361062,1,0.9583539910758552,mlp71353_400
427,427.0,427.0,427.0,427.0,427.0,427.0,427.0,427.0,,,,,361062,2,0.954387704511651,mlp60400_160
428,428.0,428.0,428.0,428.0,428.0,428.0,428.0,428.0,,,,,361062,2,0.954387704511651,mlp71353_400
429,429.0,429.0,429.0,429.0,429.0,429.0,429.0,429.0,,,,,361063,0,0.8687916975537435,mlp60400_160
430,430.0,430.0,430.0,430.0,430.0,430.0,430.0,430.0,,,,,361063,0,0.8673091178650852,mlp71353_400
431,431.0,431.0,431.0,431.0,431.0,431.0,431.0,431.0,,,,,361063,1,0.8569310600444774,mlp60400_160
432,432.0,432.0,432.0,432.0,432.0,432.0,432.0,432.0,,,,,361063,1,0.8561897702001483,mlp71353_400
433,433.0,433.0,433.0,433.0,433.0,433.0,433.0,433.0,,,,,361063,2,0.8584136397331357,mlp60400_160
434,434.0,434.0,434.0,434.0,434.0,434.0,434.0,434.0,,,,,361063,2,0.8610081541882876,mlp71353_400
435,435.0,435.0,435.0,435.0,435.0,435.0,435.0,435.0,,,,,361065,0,0.8295964125560538,mlp60400_160
436,436.0,436.0,436.0,436.0,436.0,436.0,436.0,436.0,,,,,361065,0,0.8333333333333334,mlp71353_400
437,437.0,437.0,437.0,437.0,437.0,437.0,437.0,437.0,,,,,361065,1,0.8195067264573991,mlp60400_160
438,438.0,438.0,438.0,438.0,438.0,438.0,438.0,438.0,,,,,361065,1,0.8228699551569507,mlp71353_400
439,439.0,439.0,439.0,439.0,439.0,439.0,439.0,439.0,,,,,361065,2,0.827354260089686,mlp60400_160
440,440.0,440.0,440.0,440.0,440.0,440.0,440.0,440.0,,,,,361065,2,0.827354260089686,mlp71353_400
441,441.0,441.0,441.0,441.0,441.0,441.0,441.0,441.0,,,,,361066,0,0.7783553875236295,mlp60400_160
442,442.0,442.0,442.0,442.0,442.0,442.0,442.0,442.0,,,,,361066,0,0.775992438563327,mlp71353_400
443,443.0,443.0,443.0,443.0,443.0,443.0,443.0,443.0,,,,,361066,1,0.77882797731569,mlp60400_160
444,444.0,444.0,444.0,444.0,444.0,444.0,444.0,444.0,,,,,361066,1,0.7774102079395085,mlp71353_400
445,445.0,445.0,445.0,445.0,445.0,445.0,445.0,445.0,,,,,361066,2,0.7896975425330813,mlp60400_160
446,446.0,446.0,446.0,446.0,446.0,446.0,446.0,446.0,,,,,361066,2,0.7882797731568998,mlp71353_400
447,447.0,447.0,447.0,447.0,447.0,447.0,447.0,447.0,,,,,361068,0,0.9206,mlp60400_160
448,448.0,448.0,448.0,448.0,448.0,448.0,448.0,448.0,,,,,361068,0,0.92,mlp71353_400
449,449.0,449.0,449.0,449.0,449.0,449.0,449.0,449.0,,,,,361068,1,0.929,mlp60400_160
450,450.0,450.0,450.0,450.0,450.0,450.0,450.0,450.0,,,,,361068,1,0.929,mlp71353_400
451,451.0,451.0,451.0,451.0,451.0,451.0,451.0,451.0,,,,,361068,2,0.9224,mlp60400_160
452,452.0,452.0,452.0,452.0,452.0,452.0,452.0,452.0,,,,,361068,2,0.9228,mlp71353_400
453,453.0,453.0,453.0,453.0,453.0,453.0,453.0,453.0,,,,,361069,0,0.6148,mlp60400_160
454,454.0,454.0,454.0,454.0,454.0,454.0,454.0,454.0,,,,,361069,0,0.6192,mlp71353_400
455,455.0,455.0,455.0,455.0,455.0,455.0,455.0,455.0,,,,,361069,1,0.6182,mlp60400_160
456,456.0,456.0,456.0,456.0,456.0,456.0,456.0,456.0,,,,,361069,1,0.6138,mlp71353_400
457,457.0,457.0,457.0,457.0,457.0,457.0,457.0,457.0,,,,,361069,2,0.625,mlp60400_160
458,458.0,458.0,458.0,458.0,458.0,458.0,458.0,458.0,,,,,361069,2,0.6208,mlp71353_400
459,459.0,459.0,459.0,459.0,459.0,459.0,459.0,459.0,,,,,361070,0,0.557161629434954,mlp60400_160
460,460.0,460.0,460.0,460.0,460.0,460.0,460.0,460.0,,,,,361070,0,0.5433639947437582,mlp71353_400
461,461.0,461.0,461.0,461.0,461.0,461.0,461.0,461.0,,,,,361070,1,0.5328515111695138,mlp60400_160
462,462.0,462.0,462.0,462.0,462.0,462.0,462.0,462.0,,,,,361070,1,0.5413929040735874,mlp71353_400
463,463.0,463.0,463.0,463.0,463.0,463.0,463.0,463.0,,,,,361070,2,0.5584756898817346,mlp60400_160
464,464.0,464.0,464.0,464.0,464.0,464.0,464.0,464.0,,,,,361070,2,0.5584756898817346,mlp71353_400
465,465.0,465.0,465.0,465.0,465.0,465.0,465.0,465.0,,,,,361273,0,0.6058,mlp60400_160
466,466.0,466.0,466.0,466.0,466.0,466.0,466.0,466.0,,,,,361273,0,0.6048,mlp71353_400
467,467.0,467.0,467.0,467.0,467.0,467.0,467.0,467.0,,,,,361273,1,0.6038,mlp60400_160
468,468.0,468.0,468.0,468.0,468.0,468.0,468.0,468.0,,,,,361273,1,0.6054,mlp71353_400
469,469.0,469.0,469.0,469.0,469.0,469.0,469.0,469.0,,,,,361273,2,0.6048,mlp60400_160
470,470.0,470.0,470.0,470.0,470.0,470.0,470.0,470.0,,,,,361273,2,0.6046,mlp71353_400
471,471.0,471.0,471.0,471.0,471.0,471.0,471.0,471.0,,,,,361274,0,0.7368,mlp60400_160
472,472.0,472.0,472.0,472.0,472.0,472.0,472.0,472.0,,,,,361274,0,0.738,mlp71353_400
473,473.0,473.0,473.0,473.0,473.0,473.0,473.0,473.0,,,,,361274,1,0.7188,mlp60400_160
474,474.0,474.0,474.0,474.0,474.0,474.0,474.0,474.0,,,,,361274,1,0.7172,mlp71353_400
475,475.0,475.0,475.0,475.0,475.0,475.0,475.0,475.0,,,,,361274,2,0.7288,mlp60400_160
476,476.0,476.0,476.0,476.0,476.0,476.0,476.0,476.0,,,,,361274,2,0.7334,mlp71353_400
477,477.0,477.0,477.0,477.0,477.0,477.0,477.0,477.0,,,,,361275,0,0.7145009416195857,mlp60400_160
478,478.0,478.0,478.0,478.0,478.0,478.0,478.0,478.0,,,,,361275,0,0.7156308851224106,mlp71353_400
479,479.0,479.0,479.0,479.0,479.0,479.0,479.0,479.0,,,,,361275,1,0.7065913370998117,mlp60400_160
480,480.0,480.0,480.0,480.0,480.0,480.0,480.0,480.0,,,,,361275,1,0.7069679849340866,mlp71353_400
481,481.0,481.0,481.0,481.0,481.0,481.0,481.0,481.0,,,,,361275,2,0.6986817325800376,mlp60400_160
482,482.0,482.0,482.0,482.0,482.0,482.0,482.0,482.0,,,,,361275,2,0.6990583804143126,mlp71353_400
483,483.0,483.0,483.0,483.0,483.0,483.0,483.0,483.0,,,,,361277,0,0.8521928761812455,mlp60400_160
484,484.0,484.0,484.0,484.0,484.0,484.0,484.0,484.0,,,,,361277,0,0.8570390113884178,mlp71353_400
485,485.0,485.0,485.0,485.0,485.0,485.0,485.0,485.0,,,,,361277,1,0.8553428640659074,mlp60400_160
486,486.0,486.0,486.0,486.0,486.0,486.0,486.0,486.0,,,,,361277,1,0.858735158710928,mlp71353_400
487,487.0,487.0,487.0,487.0,487.0,487.0,487.0,487.0,,,,,361277,2,0.8563120911073419,mlp60400_160
488,488.0,488.0,488.0,488.0,488.0,488.0,488.0,488.0,,,,,361277,2,0.8560697843469833,mlp71353_400
489,489.0,489.0,489.0,489.0,489.0,489.0,489.0,489.0,,,,,361278,0,0.702,mlp60400_160
490,490.0,490.0,490.0,490.0,490.0,490.0,490.0,490.0,,,,,361278,0,0.704,mlp71353_400
491,491.0,491.0,491.0,491.0,491.0,491.0,491.0,491.0,,,,,361278,1,0.709,mlp60400_160
492,492.0,492.0,492.0,492.0,492.0,492.0,492.0,492.0,,,,,361278,1,0.7095,mlp71353_400
493,493.0,493.0,493.0,493.0,493.0,493.0,493.0,493.0,,,,,361278,2,0.7015,mlp60400_160
494,494.0,494.0,494.0,494.0,494.0,494.0,494.0,494.0,,,,,361278,2,0.696,mlp71353_400
495,495.0,495.0,495.0,495.0,495.0,495.0,,,,,,,361055,0,0.773556685611726,trees13368_60_no_prepro
496,496.0,496.0,496.0,496.0,496.0,496.0,,,,,,,361055,0,0.773556685611726,trees456_390_no_prepro
497,497.0,497.0,497.0,497.0,497.0,497.0,,,,,,,361055,1,0.7720610230332037,trees13368_60_no_prepro
498,498.0,498.0,498.0,498.0,498.0,498.0,,,,,,,361055,1,0.7720610230332037,trees456_390_no_prepro
499,499.0,499.0,499.0,499.0,499.0,499.0,,,,,,,361055,2,0.7448399641040981,trees13368_60_no_prepro
500,500.0,500.0,500.0,500.0,500.0,500.0,,,,,,,361055,2,0.7448399641040981,trees456_390_no_prepro
501,501.0,501.0,501.0,501.0,501.0,501.0,,,,,,,361060,0,0.7758,trees13368_60_no_prepro
502,502.0,502.0,502.0,502.0,502.0,502.0,,,,,,,361060,0,0.7758,trees456_390_no_prepro
503,503.0,503.0,503.0,503.0,503.0,503.0,,,,,,,361060,1,0.7938,trees13368_60_no_prepro
504,504.0,504.0,504.0,504.0,504.0,504.0,,,,,,,361060,1,0.7938,trees456_390_no_prepro
505,505.0,505.0,505.0,505.0,505.0,505.0,,,,,,,361060,2,0.7792,trees13368_60_no_prepro
506,506.0,506.0,506.0,506.0,506.0,506.0,,,,,,,361060,2,0.7792,trees456_390_no_prepro
507,507.0,507.0,507.0,507.0,507.0,507.0,,,,,,,361061,0,0.745,trees13368_60_no_prepro
508,508.0,508.0,508.0,508.0,508.0,508.0,,,,,,,361061,0,0.745,trees456_390_no_prepro
509,509.0,509.0,509.0,509.0,509.0,509.0,,,,,,,361061,1,0.761,trees13368_60_no_prepro
510,510.0,510.0,510.0,510.0,510.0,510.0,,,,,,,361061,1,0.761,trees456_390_no_prepro
511,511.0,511.0,511.0,511.0,511.0,511.0,,,,,,,361061,2,0.7608,trees13368_60_no_prepro
512,512.0,512.0,512.0,512.0,512.0,512.0,,,,,,,361061,2,0.7608,trees456_390_no_prepro
513,513.0,513.0,513.0,513.0,513.0,513.0,,,,,,,361062,0,0.9563708477937533,trees13368_60_no_prepro
514,514.0,514.0,514.0,514.0,514.0,514.0,,,,,,,361062,0,0.9563708477937533,trees456_390_no_prepro
515,515.0,515.0,515.0,515.0,515.0,515.0,,,,,,,361062,1,0.9504214179474468,trees13368_60_no_prepro
516,516.0,516.0,516.0,516.0,516.0,516.0,,,,,,,361062,1,0.9504214179474468,trees456_390_no_prepro
517,517.0,517.0,517.0,517.0,517.0,517.0,,,,,,,361062,2,0.9459593455627168,trees13368_60_no_prepro
518,518.0,518.0,518.0,518.0,518.0,518.0,,,,,,,361062,2,0.9459593455627168,trees456_390_no_prepro
519,519.0,519.0,519.0,519.0,519.0,519.0,,,,,,,361063,0,0.8758339510748703,trees13368_60_no_prepro
520,520.0,520.0,520.0,520.0,520.0,520.0,,,,,,,361063,0,0.8758339510748703,trees456_390_no_prepro
521,521.0,521.0,521.0,521.0,521.0,521.0,,,,,,,361063,1,0.8613787991104522,trees13368_60_no_prepro
522,522.0,522.0,522.0,522.0,522.0,522.0,,,,,,,361063,1,0.8613787991104522,trees456_390_no_prepro
523,523.0,523.0,523.0,523.0,523.0,523.0,,,,,,,361063,2,0.8561897702001483,trees13368_60_no_prepro
524,524.0,524.0,524.0,524.0,524.0,524.0,,,,,,,361063,2,0.8561897702001483,trees456_390_no_prepro
525,525.0,525.0,525.0,525.0,525.0,525.0,,,,,,,361065,0,0.8348281016442451,trees13368_60_no_prepro
526,526.0,526.0,526.0,526.0,526.0,526.0,,,,,,,361065,0,0.8348281016442451,trees456_390_no_prepro
527,527.0,527.0,527.0,527.0,527.0,527.0,,,,,,,361065,1,0.8221225710014948,trees13368_60_no_prepro
528,528.0,528.0,528.0,528.0,528.0,528.0,,,,,,,361065,1,0.8221225710014948,trees456_390_no_prepro
529,529.0,529.0,529.0,529.0,529.0,529.0,,,,,,,361065,2,0.8251121076233184,trees13368_60_no_prepro
530,530.0,530.0,530.0,530.0,530.0,530.0,,,,,,,361065,2,0.8251121076233184,trees456_390_no_prepro
531,531.0,531.0,531.0,531.0,531.0,531.0,,,,,,,361066,0,0.781663516068053,trees13368_60_no_prepro
532,532.0,532.0,532.0,532.0,532.0,532.0,,,,,,,361066,0,0.781663516068053,trees456_390_no_prepro
533,533.0,533.0,533.0,533.0,533.0,533.0,,,,,,,361066,1,0.7887523629489603,trees13368_60_no_prepro
534,534.0,534.0,534.0,534.0,534.0,534.0,,,,,,,361066,1,0.7887523629489603,trees456_390_no_prepro
535,535.0,535.0,535.0,535.0,535.0,535.0,,,,,,,361066,2,0.8043478260869565,trees13368_60_no_prepro
536,536.0,536.0,536.0,536.0,536.0,536.0,,,,,,,361066,2,0.8043478260869565,trees456_390_no_prepro
537,537.0,537.0,537.0,537.0,537.0,537.0,,,,,,,361068,0,0.9124,trees13368_60_no_prepro
538,538.0,538.0,538.0,538.0,538.0,538.0,,,,,,,361068,0,0.9124,trees456_390_no_prepro
539,539.0,539.0,539.0,539.0,539.0,539.0,,,,,,,361068,1,0.9174,trees13368_60_no_prepro
540,540.0,540.0,540.0,540.0,540.0,540.0,,,,,,,361068,1,0.9174,trees456_390_no_prepro
541,541.0,541.0,541.0,541.0,541.0,541.0,,,,,,,361068,2,0.9122,trees13368_60_no_prepro
542,542.0,542.0,542.0,542.0,542.0,542.0,,,,,,,361068,2,0.9122,trees456_390_no_prepro
543,543.0,543.0,543.0,543.0,543.0,543.0,,,,,,,361069,0,0.6694,trees13368_60_no_prepro
544,544.0,544.0,544.0,544.0,544.0,544.0,,,,,,,361069,0,0.6694,trees456_390_no_prepro
545,545.0,545.0,545.0,545.0,545.0,545.0,,,,,,,361069,1,0.6712,trees13368_60_no_prepro
546,546.0,546.0,546.0,546.0,546.0,546.0,,,,,,,361069,1,0.6712,trees456_390_no_prepro
547,547.0,547.0,547.0,547.0,547.0,547.0,,,,,,,361069,2,0.6606,trees13368_60_no_prepro
548,548.0,548.0,548.0,548.0,548.0,548.0,,,,,,,361069,2,0.6606,trees456_390_no_prepro
549,549.0,549.0,549.0,549.0,549.0,549.0,,,,,,,361070,0,0.5479632063074902,trees13368_60_no_prepro
550,550.0,550.0,550.0,550.0,550.0,550.0,,,,,,,361070,0,0.5479632063074902,trees456_390_no_prepro
551,551.0,551.0,551.0,551.0,551.0,551.0,,,,,,,361070,1,0.5210249671484888,trees13368_60_no_prepro
552,552.0,552.0,552.0,552.0,552.0,552.0,,,,,,,361070,1,0.5210249671484888,trees456_390_no_prepro
553,553.0,553.0,553.0,553.0,553.0,553.0,,,,,,,361070,2,0.5775295663600526,trees13368_60_no_prepro
554,554.0,554.0,554.0,554.0,554.0,554.0,,,,,,,361070,2,0.5775295663600526,trees456_390_no_prepro
555,555.0,555.0,555.0,555.0,555.0,555.0,,,,,,,361273,0,0.5976,trees13368_60_no_prepro
556,556.0,556.0,556.0,556.0,556.0,556.0,,,,,,,361273,0,0.5976,trees456_390_no_prepro
557,557.0,557.0,557.0,557.0,557.0,557.0,,,,,,,361273,1,0.6018,trees13368_60_no_prepro
558,558.0,558.0,558.0,558.0,558.0,558.0,,,,,,,361273,1,0.6018,trees456_390_no_prepro
559,559.0,559.0,559.0,559.0,559.0,559.0,,,,,,,361273,2,0.604,trees13368_60_no_prepro
560,560.0,560.0,560.0,560.0,560.0,560.0,,,,,,,361273,2,0.604,trees456_390_no_prepro
561,561.0,561.0,561.0,561.0,561.0,561.0,,,,,,,361274,0,0.7352,trees13368_60_no_prepro
562,562.0,562.0,562.0,562.0,562.0,562.0,,,,,,,361274,0,0.7352,trees456_390_no_prepro
563,563.0,563.0,563.0,563.0,563.0,563.0,,,,,,,361274,1,0.719,trees13368_60_no_prepro
564,564.0,564.0,564.0,564.0,564.0,564.0,,,,,,,361274,1,0.719,trees456_390_no_prepro
565,565.0,565.0,565.0,565.0,565.0,565.0,,,,,,,361274,2,0.7274,trees13368_60_no_prepro
566,566.0,566.0,566.0,566.0,566.0,566.0,,,,,,,361274,2,0.7274,trees456_390_no_prepro
567,567.0,567.0,567.0,567.0,567.0,567.0,,,,,,,361275,0,0.7133709981167609,trees13368_60_no_prepro
568,568.0,568.0,568.0,568.0,568.0,568.0,,,,,,,361275,0,0.7133709981167609,trees456_390_no_prepro
569,569.0,569.0,569.0,569.0,569.0,569.0,,,,,,,361275,1,0.711864406779661,trees13368_60_no_prepro
570,570.0,570.0,570.0,570.0,570.0,570.0,,,,,,,361275,1,0.711864406779661,trees456_390_no_prepro
571,571.0,571.0,571.0,571.0,571.0,571.0,,,,,,,361275,2,0.7103578154425612,trees13368_60_no_prepro
572,572.0,572.0,572.0,572.0,572.0,572.0,,,,,,,361275,2,0.7103578154425612,trees456_390_no_prepro
573,573.0,573.0,573.0,573.0,573.0,573.0,,,,,,,361277,0,0.8531621032226799,trees13368_60_no_prepro
574,574.0,574.0,574.0,574.0,574.0,574.0,,,,,,,361277,0,0.8531621032226799,trees456_390_no_prepro
575,575.0,575.0,575.0,575.0,575.0,575.0,,,,,,,361277,1,0.8536467167433971,trees13368_60_no_prepro
576,576.0,576.0,576.0,576.0,576.0,576.0,,,,,,,361277,1,0.8536467167433971,trees456_390_no_prepro
577,577.0,577.0,577.0,577.0,577.0,577.0,,,,,,,361277,2,0.8495275018173007,trees13368_60_no_prepro
578,578.0,578.0,578.0,578.0,578.0,578.0,,,,,,,361277,2,0.8495275018173007,trees456_390_no_prepro
579,579.0,579.0,579.0,579.0,579.0,579.0,,,,,,,361278,0,0.6985,trees13368_60_no_prepro
580,580.0,580.0,580.0,580.0,580.0,580.0,,,,,,,361278,0,0.6985,trees456_390_no_prepro
581,581.0,581.0,581.0,581.0,581.0,581.0,,,,,,,361278,1,0.711,trees13368_60_no_prepro
582,582.0,582.0,582.0,582.0,582.0,582.0,,,,,,,361278,1,0.711,trees456_390_no_prepro
583,583.0,583.0,583.0,583.0,583.0,583.0,,,,,,,361278,2,0.704,trees13368_60_no_prepro
584,584.0,584.0,584.0,584.0,584.0,584.0,,,,,,,361278,2,0.704,trees456_390_no_prepro
585,585.0,585.0,585.0,585.0,585.0,,,,,,,,361055,0,0.772958420580317,trees13368_60_no_prepro2
586,586.0,586.0,586.0,586.0,586.0,,,,,,,,361055,0,0.7750523481902483,trees456_390_no_prepro2
587,587.0,587.0,587.0,587.0,587.0,,,,,,,,361055,1,0.7744540831588393,trees13368_60_no_prepro2
588,588.0,588.0,588.0,588.0,588.0,,,,,,,,361055,1,0.7744540831588393,trees456_390_no_prepro2
589,589.0,589.0,589.0,589.0,589.0,,,,,,,,361055,2,0.7499252168710739,trees13368_60_no_prepro2
590,590.0,590.0,590.0,590.0,590.0,,,,,,,,361055,2,0.7532156745438229,trees456_390_no_prepro2
591,591.0,591.0,591.0,591.0,591.0,,,,,,,,361060,0,0.7754,trees13368_60_no_prepro2
592,592.0,592.0,592.0,592.0,592.0,,,,,,,,361060,0,0.7782,trees456_390_no_prepro2
593,593.0,593.0,593.0,593.0,593.0,,,,,,,,361060,1,0.7948,trees13368_60_no_prepro2
594,594.0,594.0,594.0,594.0,594.0,,,,,,,,361060,1,0.7966,trees456_390_no_prepro2
595,595.0,595.0,595.0,595.0,595.0,,,,,,,,361060,2,0.78,trees13368_60_no_prepro2
596,596.0,596.0,596.0,596.0,596.0,,,,,,,,361060,2,0.7792,trees456_390_no_prepro2
597,597.0,597.0,597.0,597.0,597.0,,,,,,,,361061,0,0.751,trees13368_60_no_prepro2
598,598.0,598.0,598.0,598.0,598.0,,,,,,,,361061,0,0.751,trees456_390_no_prepro2
599,599.0,599.0,599.0,599.0,599.0,,,,,,,,361061,1,0.7592,trees13368_60_no_prepro2
600,600.0,600.0,600.0,600.0,600.0,,,,,,,,361061,1,0.7618,trees456_390_no_prepro2
601,601.0,601.0,601.0,601.0,601.0,,,,,,,,361061,2,0.764,trees13368_60_no_prepro2
602,602.0,602.0,602.0,602.0,602.0,,,,,,,,361061,2,0.7614,trees456_390_no_prepro2
603,603.0,603.0,603.0,603.0,603.0,,,,,,,,361062,0,0.9573624194348042,trees13368_60_no_prepro2
604,604.0,604.0,604.0,604.0,604.0,,,,,,,,361062,0,0.9504214179474468,trees456_390_no_prepro2
605,605.0,605.0,605.0,605.0,605.0,,,,,,,,361062,1,0.9588497768963808,trees13368_60_no_prepro2
606,606.0,606.0,606.0,606.0,606.0,,,,,,,,361062,1,0.9524045612295488,trees456_390_no_prepro2
607,607.0,607.0,607.0,607.0,607.0,,,,,,,,361062,2,0.9504214179474468,trees13368_60_no_prepro2
608,608.0,608.0,608.0,608.0,608.0,,,,,,,,361062,2,0.9509172037679724,trees456_390_no_prepro2
609,609.0,609.0,609.0,609.0,609.0,,,,,,,,361063,0,0.8739807264640475,trees13368_60_no_prepro2
610,610.0,610.0,610.0,610.0,610.0,,,,,,,,361063,0,0.8713862120088954,trees456_390_no_prepro2
611,611.0,611.0,611.0,611.0,611.0,,,,,,,,361063,1,0.8636026686434396,trees13368_60_no_prepro2
612,612.0,612.0,612.0,612.0,612.0,,,,,,,,361063,1,0.8628613787991104,trees456_390_no_prepro2
613,613.0,613.0,613.0,613.0,613.0,,,,,,,,361063,2,0.859896219421794,trees13368_60_no_prepro2
614,614.0,614.0,614.0,614.0,614.0,,,,,,,,361063,2,0.8565604151223128,trees456_390_no_prepro2
615,615.0,615.0,615.0,615.0,615.0,,,,,,,,361065,0,0.8329596412556054,trees13368_60_no_prepro2
616,616.0,616.0,616.0,616.0,616.0,,,,,,,,361065,0,0.8333333333333334,trees456_390_no_prepro2
617,617.0,617.0,617.0,617.0,617.0,,,,,,,,361065,1,0.8228699551569507,trees13368_60_no_prepro2
618,618.0,618.0,618.0,618.0,618.0,,,,,,,,361065,1,0.8239910313901345,trees456_390_no_prepro2
619,619.0,619.0,619.0,619.0,619.0,,,,,,,,361065,2,0.8254857997010463,trees13368_60_no_prepro2
620,620.0,620.0,620.0,620.0,620.0,,,,,,,,361065,2,0.8251121076233184,trees456_390_no_prepro2
621,621.0,621.0,621.0,621.0,621.0,,,,,,,,361066,0,0.7811909262759924,trees13368_60_no_prepro2
622,622.0,622.0,622.0,622.0,622.0,,,,,,,,361066,0,0.780718336483932,trees456_390_no_prepro2
623,623.0,623.0,623.0,623.0,623.0,,,,,,,,361066,1,0.7821361058601134,trees13368_60_no_prepro2
624,624.0,624.0,624.0,624.0,624.0,,,,,,,,361066,1,0.7878071833648393,trees456_390_no_prepro2
625,625.0,625.0,625.0,625.0,625.0,,,,,,,,361066,2,0.8062381852551985,trees13368_60_no_prepro2
626,626.0,626.0,626.0,626.0,626.0,,,,,,,,361066,2,0.805765595463138,trees456_390_no_prepro2
627,627.0,627.0,627.0,627.0,627.0,,,,,,,,361068,0,0.9182,trees13368_60_no_prepro2
628,628.0,628.0,628.0,628.0,628.0,,,,,,,,361068,0,0.916,trees456_390_no_prepro2
629,629.0,629.0,629.0,629.0,629.0,,,,,,,,361068,1,0.9258,trees13368_60_no_prepro2
630,630.0,630.0,630.0,630.0,630.0,,,,,,,,361068,1,0.9202,trees456_390_no_prepro2
631,631.0,631.0,631.0,631.0,631.0,,,,,,,,361068,2,0.9178,trees13368_60_no_prepro2
632,632.0,632.0,632.0,632.0,632.0,,,,,,,,361068,2,0.9154,trees456_390_no_prepro2
633,633.0,633.0,633.0,633.0,633.0,,,,,,,,361069,0,0.6768,trees13368_60_no_prepro2
634,634.0,634.0,634.0,634.0,634.0,,,,,,,,361069,0,0.6844,trees456_390_no_prepro2
635,635.0,635.0,635.0,635.0,635.0,,,,,,,,361069,1,0.679,trees13368_60_no_prepro2
636,636.0,636.0,636.0,636.0,636.0,,,,,,,,361069,1,0.684,trees456_390_no_prepro2
637,637.0,637.0,637.0,637.0,637.0,,,,,,,,361069,2,0.675,trees13368_60_no_prepro2
638,638.0,638.0,638.0,638.0,638.0,,,,,,,,361069,2,0.6646,trees456_390_no_prepro2
639,639.0,639.0,639.0,639.0,639.0,,,,,,,,361070,0,0.5624178712220762,trees13368_60_no_prepro2
640,640.0,640.0,640.0,640.0,640.0,,,,,,,,361070,0,0.5611038107752957,trees456_390_no_prepro2
641,641.0,641.0,641.0,641.0,641.0,,,,,,,,361070,1,0.5394218134034166,trees13368_60_no_prepro2
642,642.0,642.0,642.0,642.0,642.0,,,,,,,,361070,1,0.5413929040735874,trees456_390_no_prepro2
643,643.0,643.0,643.0,643.0,643.0,,,,,,,,361070,2,0.5854139290407359,trees13368_60_no_prepro2
644,644.0,644.0,644.0,644.0,644.0,,,,,,,,361070,2,0.5788436268068331,trees456_390_no_prepro2
645,645.0,645.0,645.0,645.0,645.0,,,,,,,,361273,0,0.599,trees13368_60_no_prepro2
646,646.0,646.0,646.0,646.0,646.0,,,,,,,,361273,0,0.5954,trees456_390_no_prepro2
647,647.0,647.0,647.0,647.0,647.0,,,,,,,,361273,1,0.6064,trees13368_60_no_prepro2
648,648.0,648.0,648.0,648.0,648.0,,,,,,,,361273,1,0.606,trees456_390_no_prepro2
649,649.0,649.0,649.0,649.0,649.0,,,,,,,,361273,2,0.6006,trees13368_60_no_prepro2
650,650.0,650.0,650.0,650.0,650.0,,,,,,,,361273,2,0.6042,trees456_390_no_prepro2
651,651.0,651.0,651.0,651.0,651.0,,,,,,,,361274,0,0.7378,trees13368_60_no_prepro2
652,652.0,652.0,652.0,652.0,652.0,,,,,,,,361274,0,0.7452,trees456_390_no_prepro2
653,653.0,653.0,653.0,653.0,653.0,,,,,,,,361274,1,0.7236,trees13368_60_no_prepro2
654,654.0,654.0,654.0,654.0,654.0,,,,,,,,361274,1,0.728,trees456_390_no_prepro2
655,655.0,655.0,655.0,655.0,655.0,,,,,,,,361274,2,0.7304,trees13368_60_no_prepro2
656,656.0,656.0,656.0,656.0,656.0,,,,,,,,361274,2,0.7342,trees456_390_no_prepro2
657,657.0,657.0,657.0,657.0,657.0,,,,,,,,361275,0,0.7137476459510358,trees13368_60_no_prepro2
658,658.0,658.0,658.0,658.0,658.0,,,,,,,,361275,0,0.7137476459510358,trees456_390_no_prepro2
659,659.0,659.0,659.0,659.0,659.0,,,,,,,,361275,1,0.7092278719397364,trees13368_60_no_prepro2
660,660.0,660.0,660.0,660.0,660.0,,,,,,,,361275,1,0.7088512241054614,trees456_390_no_prepro2
661,661.0,661.0,661.0,661.0,661.0,,,,,,,,361275,2,0.7073446327683616,trees13368_60_no_prepro2
662,662.0,662.0,662.0,662.0,662.0,,,,,,,,361275,2,0.7065913370998117,trees456_390_no_prepro2
663,663.0,663.0,663.0,663.0,663.0,,,,,,,,361277,0,0.852435182941604,trees13368_60_no_prepro2
664,664.0,664.0,664.0,664.0,664.0,,,,,,,,361277,0,0.8507390356190938,trees456_390_no_prepro2
665,665.0,665.0,665.0,665.0,665.0,,,,,,,,361277,1,0.8531621032226799,trees13368_60_no_prepro2
666,666.0,666.0,666.0,666.0,666.0,,,,,,,,361277,1,0.8551005573055488,trees456_390_no_prepro2
667,667.0,667.0,667.0,667.0,667.0,,,,,,,,361277,2,0.8521928761812455,trees13368_60_no_prepro2
668,668.0,668.0,668.0,668.0,668.0,,,,,,,,361277,2,0.8497698085776593,trees456_390_no_prepro2
669,669.0,669.0,669.0,669.0,669.0,,,,,,,,361278,0,0.697,trees13368_60_no_prepro2
670,670.0,670.0,670.0,670.0,670.0,,,,,,,,361278,0,0.7,trees456_390_no_prepro2
671,671.0,671.0,671.0,671.0,671.0,,,,,,,,361278,1,0.706,trees13368_60_no_prepro2
672,672.0,672.0,672.0,672.0,672.0,,,,,,,,361278,1,0.7065,trees456_390_no_prepro2
673,673.0,673.0,673.0,673.0,673.0,,,,,,,,361278,2,0.6995,trees13368_60_no_prepro2
674,674.0,674.0,674.0,674.0,674.0,,,,,,,,361278,2,0.6985,trees456_390_no_prepro2
675,675.0,675.0,675.0,675.0,,,,,,,,,361055,0,0.7822315285671553,TabPFNno_prepro
676,676.0,676.0,676.0,676.0,,,,,,,,,361055,1,0.7720610230332037,TabPFNno_prepro
677,677.0,677.0,677.0,677.0,,,,,,,,,361055,2,0.7609931199521388,TabPFNno_prepro
678,678.0,678.0,678.0,678.0,,,,,,,,,361060,0,0.7756,TabPFNno_prepro
679,679.0,679.0,679.0,679.0,,,,,,,,,361060,1,0.7994,TabPFNno_prepro
680,680.0,680.0,680.0,680.0,,,,,,,,,361060,2,0.7786,TabPFNno_prepro
681,681.0,681.0,681.0,681.0,,,,,,,,,361061,0,0.7586,TabPFNno_prepro
682,682.0,682.0,682.0,682.0,,,,,,,,,361061,1,0.763,TabPFNno_prepro
683,683.0,683.0,683.0,683.0,,,,,,,,,361061,2,0.7544,TabPFNno_prepro
684,684.0,684.0,684.0,684.0,,,,,,,,,361062,0,0.961824491819534,TabPFNno_prepro
685,685.0,685.0,685.0,685.0,,,,,,,,,361062,1,0.969261279127417,TabPFNno_prepro
686,686.0,686.0,686.0,686.0,,,,,,,,,361062,2,0.968269707486366,TabPFNno_prepro
687,687.0,687.0,687.0,687.0,,,,,,,,,361063,0,0.865826538176427,TabPFNno_prepro
688,688.0,688.0,688.0,688.0,,,,,,,,,361063,1,0.8558191252779836,TabPFNno_prepro
689,689.0,689.0,689.0,689.0,,,,,,,,,361063,2,0.8595255744996294,TabPFNno_prepro
690,690.0,690.0,690.0,690.0,,,,,,,,,361065,0,0.8352017937219731,TabPFNno_prepro
691,691.0,691.0,691.0,691.0,,,,,,,,,361065,1,0.8310911808669657,TabPFNno_prepro
692,692.0,692.0,692.0,692.0,,,,,,,,,361065,2,0.8348281016442451,TabPFNno_prepro
693,693.0,693.0,693.0,693.0,,,,,,,,,361066,0,0.7793005671077504,TabPFNno_prepro
694,694.0,694.0,694.0,694.0,,,,,,,,,361066,1,0.775992438563327,TabPFNno_prepro
695,695.0,695.0,695.0,695.0,,,,,,,,,361066,2,0.7859168241965974,TabPFNno_prepro
696,696.0,696.0,696.0,696.0,,,,,,,,,361068,0,0.9202,TabPFNno_prepro
697,697.0,697.0,697.0,697.0,,,,,,,,,361068,1,0.9294,TabPFNno_prepro
698,698.0,698.0,698.0,698.0,,,,,,,,,361068,2,0.924,TabPFNno_prepro
699,699.0,699.0,699.0,699.0,,,,,,,,,361069,0,0.6266,TabPFNno_prepro
700,700.0,700.0,700.0,700.0,,,,,,,,,361069,1,0.6288,TabPFNno_prepro
701,701.0,701.0,701.0,701.0,,,,,,,,,361069,2,0.6272,TabPFNno_prepro
702,702.0,702.0,702.0,702.0,,,,,,,,,361070,0,0.538107752956636,TabPFNno_prepro
703,703.0,703.0,703.0,703.0,,,,,,,,,361070,1,0.5229960578186597,TabPFNno_prepro
704,704.0,704.0,704.0,704.0,,,,,,,,,361070,2,0.5742444152431012,TabPFNno_prepro
705,705.0,705.0,705.0,705.0,,,,,,,,,361273,0,0.5996,TabPFNno_prepro
706,706.0,706.0,706.0,706.0,,,,,,,,,361273,1,0.6028,TabPFNno_prepro
707,707.0,707.0,707.0,707.0,,,,,,,,,361273,2,0.6054,TabPFNno_prepro
708,708.0,708.0,708.0,708.0,,,,,,,,,361274,0,0.7358,TabPFNno_prepro
709,709.0,709.0,709.0,709.0,,,,,,,,,361274,1,0.717,TabPFNno_prepro
710,710.0,710.0,710.0,710.0,,,,,,,,,361274,2,0.728,TabPFNno_prepro
711,711.0,711.0,711.0,711.0,,,,,,,,,361275,0,0.7145009416195857,TabPFNno_prepro
712,712.0,712.0,712.0,712.0,,,,,,,,,361275,1,0.7092278719397364,TabPFNno_prepro
713,713.0,713.0,713.0,713.0,,,,,,,,,361275,2,0.7050847457627119,TabPFNno_prepro
714,714.0,714.0,714.0,714.0,,,,,,,,,361277,0,0.8616428398352314,TabPFNno_prepro
715,715.0,715.0,715.0,715.0,,,,,,,,,361277,1,0.8633389871577417,TabPFNno_prepro
716,716.0,716.0,716.0,716.0,,,,,,,,,361277,2,0.8572813181487764,TabPFNno_prepro
717,717.0,717.0,717.0,717.0,,,,,,,,,361278,0,0.705,TabPFNno_prepro
718,718.0,718.0,718.0,718.0,,,,,,,,,361278,1,0.7135,TabPFNno_prepro
719,719.0,719.0,719.0,719.0,,,,,,,,,361278,2,0.7025,TabPFNno_prepro
720,720.0,720.0,720.0,,,,,,,,,,361055,0,0.7750523481902483,default35702_250_no_prepro2
721,721.0,721.0,721.0,,,,,,,,,,361055,0,0.7681723003290458,trees79428_250_no_prepro2
722,722.0,722.0,722.0,,,,,,,,,,361055,1,0.7663775052348191,default35702_250_no_prepro2
723,723.0,723.0,723.0,,,,,,,,,,361055,1,0.7672749027819324,trees79428_250_no_prepro2
724,724.0,724.0,724.0,,,,,,,,,,361055,2,0.7490278193239606,default35702_250_no_prepro2
725,725.0,725.0,725.0,,,,,,,,,,361055,2,0.7496260843553695,trees79428_250_no_prepro2
726,726.0,726.0,726.0,,,,,,,,,,361060,0,0.7756,default35702_250_no_prepro2
727,727.0,727.0,727.0,,,,,,,,,,361060,0,0.7724,trees79428_250_no_prepro2
728,728.0,728.0,728.0,,,,,,,,,,361060,1,0.7918,default35702_250_no_prepro2
729,729.0,729.0,729.0,,,,,,,,,,361060,1,0.7924,trees79428_250_no_prepro2
730,730.0,730.0,730.0,,,,,,,,,,361060,2,0.7608,default35702_250_no_prepro2
731,731.0,731.0,731.0,,,,,,,,,,361060,2,0.7566,trees79428_250_no_prepro2
732,732.0,732.0,732.0,,,,,,,,,,361061,0,0.7504,default35702_250_no_prepro2
733,733.0,733.0,733.0,,,,,,,,,,361061,0,0.7464,trees79428_250_no_prepro2
734,734.0,734.0,734.0,,,,,,,,,,361061,1,0.7496,default35702_250_no_prepro2
735,735.0,735.0,735.0,,,,,,,,,,361061,1,0.756,trees79428_250_no_prepro2
736,736.0,736.0,736.0,,,,,,,,,,361061,2,0.7584,default35702_250_no_prepro2
737,737.0,737.0,737.0,,,,,,,,,,361061,2,0.757,trees79428_250_no_prepro2
738,738.0,738.0,738.0,,,,,,,,,,361062,0,0.9514129895884976,default35702_250_no_prepro2
739,739.0,739.0,739.0,,,,,,,,,,361062,0,0.947942488844819,trees79428_250_no_prepro2
740,740.0,740.0,740.0,,,,,,,,,,361062,1,0.944967773921666,default35702_250_no_prepro2
741,741.0,741.0,741.0,,,,,,,,,,361062,1,0.9459593455627168,trees79428_250_no_prepro2
742,742.0,742.0,742.0,,,,,,,,,,361062,2,0.9464551313832424,default35702_250_no_prepro2
743,743.0,743.0,743.0,,,,,,,,,,361062,2,0.9424888448190382,trees79428_250_no_prepro2
744,744.0,744.0,744.0,,,,,,,,,,361063,0,0.8665678280207562,default35702_250_no_prepro2
745,745.0,745.0,745.0,,,,,,,,,,361063,0,0.8695329873980726,trees79428_250_no_prepro2
746,746.0,746.0,746.0,,,,,,,,,,361063,1,0.8587842846553002,default35702_250_no_prepro2
747,747.0,747.0,747.0,,,,,,,,,,361063,1,0.8610081541882876,trees79428_250_no_prepro2
748,748.0,748.0,748.0,,,,,,,,,,361063,2,0.8532246108228317,default35702_250_no_prepro2
749,749.0,749.0,749.0,,,,,,,,,,361063,2,0.8569310600444774,trees79428_250_no_prepro2
750,750.0,750.0,750.0,,,,,,,,,,361065,0,0.8224962630792227,default35702_250_no_prepro2
751,751.0,751.0,751.0,,,,,,,,,,361065,0,0.8239910313901345,trees79428_250_no_prepro2
752,752.0,752.0,752.0,,,,,,,,,,361065,1,0.8239910313901345,default35702_250_no_prepro2
753,753.0,753.0,753.0,,,,,,,,,,361065,1,0.8165171898355755,trees79428_250_no_prepro2
754,754.0,754.0,754.0,,,,,,,,,,361065,2,0.8180119581464873,default35702_250_no_prepro2
755,755.0,755.0,755.0,,,,,,,,,,361065,2,0.8150224215246636,trees79428_250_no_prepro2
756,756.0,756.0,756.0,,,,,,,,,,361066,0,0.7783553875236295,default35702_250_no_prepro2
757,757.0,757.0,757.0,,,,,,,,,,361066,0,0.7774102079395085,trees79428_250_no_prepro2
758,758.0,758.0,758.0,,,,,,,,,,361066,1,0.779773156899811,default35702_250_no_prepro2
759,759.0,759.0,759.0,,,,,,,,,,361066,1,0.7764650283553876,trees79428_250_no_prepro2
760,760.0,760.0,760.0,,,,,,,,,,361066,2,0.7873345935727788,default35702_250_no_prepro2
761,761.0,761.0,761.0,,,,,,,,,,361066,2,0.7830812854442344,trees79428_250_no_prepro2
762,762.0,762.0,762.0,,,,,,,,,,361068,0,0.9146,default35702_250_no_prepro2
763,763.0,763.0,763.0,,,,,,,,,,361068,0,0.9176,trees79428_250_no_prepro2
764,764.0,764.0,764.0,,,,,,,,,,361068,1,0.919,default35702_250_no_prepro2
765,765.0,765.0,765.0,,,,,,,,,,361068,1,0.9186,trees79428_250_no_prepro2
766,766.0,766.0,766.0,,,,,,,,,,361068,2,0.9198,default35702_250_no_prepro2
767,767.0,767.0,767.0,,,,,,,,,,361068,2,0.921,trees79428_250_no_prepro2
768,768.0,768.0,768.0,,,,,,,,,,361069,0,0.6224,default35702_250_no_prepro2
769,769.0,769.0,769.0,,,,,,,,,,361069,0,0.621,trees79428_250_no_prepro2
770,770.0,770.0,770.0,,,,,,,,,,361069,1,0.6222,default35702_250_no_prepro2
771,771.0,771.0,771.0,,,,,,,,,,361069,1,0.6224,trees79428_250_no_prepro2
772,772.0,772.0,772.0,,,,,,,,,,361069,2,0.629,default35702_250_no_prepro2
773,773.0,773.0,773.0,,,,,,,,,,361069,2,0.623,trees79428_250_no_prepro2
774,774.0,774.0,774.0,,,,,,,,,,361070,0,0.5387647831800263,default35702_250_no_prepro2
775,775.0,775.0,775.0,,,,,,,,,,361070,0,0.5387647831800263,trees79428_250_no_prepro2
776,776.0,776.0,776.0,,,,,,,,,,361070,1,0.5400788436268068,default35702_250_no_prepro2
777,777.0,777.0,777.0,,,,,,,,,,361070,1,0.5479632063074902,trees79428_250_no_prepro2
778,778.0,778.0,778.0,,,,,,,,,,361070,2,0.5729303547963206,default35702_250_no_prepro2
779,779.0,779.0,779.0,,,,,,,,,,361070,2,0.561760840998686,trees79428_250_no_prepro2
780,780.0,780.0,780.0,,,,,,,,,,361273,0,0.5932,default35702_250_no_prepro2
781,781.0,781.0,781.0,,,,,,,,,,361273,0,0.5922,trees79428_250_no_prepro2
782,782.0,782.0,782.0,,,,,,,,,,361273,1,0.5972,default35702_250_no_prepro2
783,783.0,783.0,783.0,,,,,,,,,,361273,1,0.5936,trees79428_250_no_prepro2
784,784.0,784.0,784.0,,,,,,,,,,361273,2,0.6002,default35702_250_no_prepro2
785,785.0,785.0,785.0,,,,,,,,,,361273,2,0.605,trees79428_250_no_prepro2
786,786.0,786.0,786.0,,,,,,,,,,361274,0,0.7316,default35702_250_no_prepro2
787,787.0,787.0,787.0,,,,,,,,,,361274,0,0.7346,trees79428_250_no_prepro2
788,788.0,788.0,788.0,,,,,,,,,,361274,1,0.7126,default35702_250_no_prepro2
789,789.0,789.0,789.0,,,,,,,,,,361274,1,0.7086,trees79428_250_no_prepro2
790,790.0,790.0,790.0,,,,,,,,,,361274,2,0.716,default35702_250_no_prepro2
791,791.0,791.0,791.0,,,,,,,,,,361274,2,0.7212,trees79428_250_no_prepro2
792,792.0,792.0,792.0,,,,,,,,,,361275,0,0.7005649717514124,default35702_250_no_prepro2
793,793.0,793.0,793.0,,,,,,,,,,361275,0,0.7107344632768362,trees79428_250_no_prepro2
794,794.0,794.0,794.0,,,,,,,,,,361275,1,0.7122410546139359,default35702_250_no_prepro2
795,795.0,795.0,795.0,,,,,,,,,,361275,1,0.7122410546139359,trees79428_250_no_prepro2
796,796.0,796.0,796.0,,,,,,,,,,361275,2,0.7016949152542373,default35702_250_no_prepro2
797,797.0,797.0,797.0,,,,,,,,,,361275,2,0.7001883239171375,trees79428_250_no_prepro2
798,798.0,798.0,798.0,,,,,,,,,,361277,0,0.8412890719651078,default35702_250_no_prepro2
799,799.0,799.0,799.0,,,,,,,,,,361277,0,0.8420159922461836,trees79428_250_no_prepro2
800,800.0,800.0,800.0,,,,,,,,,,361277,1,0.8451659801308457,default35702_250_no_prepro2
801,801.0,801.0,801.0,,,,,,,,,,361277,1,0.8434698328083353,trees79428_250_no_prepro2
802,802.0,802.0,802.0,,,,,,,,,,361277,2,0.8456505936515629,default35702_250_no_prepro2
803,803.0,803.0,803.0,,,,,,,,,,361277,2,0.8473467409740731,trees79428_250_no_prepro2
804,804.0,804.0,804.0,,,,,,,,,,361278,0,0.6935,default35702_250_no_prepro2
805,805.0,805.0,805.0,,,,,,,,,,361278,0,0.6905,trees79428_250_no_prepro2
806,806.0,806.0,806.0,,,,,,,,,,361278,1,0.7085,default35702_250_no_prepro2
807,807.0,807.0,807.0,,,,,,,,,,361278,1,0.7025,trees79428_250_no_prepro2
808,808.0,808.0,808.0,,,,,,,,,,361278,2,0.6965,default35702_250_no_prepro2
809,809.0,809.0,809.0,,,,,,,,,,361278,2,0.6985,trees79428_250_no_prepro2
810,810.0,810.0,,,,,,,,,,,361055,0,0.772958420580317,default35702_250
811,811.0,811.0,,,,,,,,,,,361055,0,0.7732575530960215,trees79428_250
812,812.0,812.0,,,,,,,,,,,361055,1,0.7678731678133414,default35702_250
813,813.0,813.0,,,,,,,,,,,361055,1,0.7678731678133414,trees79428_250
814,814.0,814.0,,,,,,,,,,,361055,2,0.7451390966198026,default35702_250
815,815.0,815.0,,,,,,,,,,,361055,2,0.7496260843553695,trees79428_250
816,816.0,816.0,,,,,,,,,,,361060,0,0.7686,default35702_250
817,817.0,817.0,,,,,,,,,,,361060,0,0.7694,trees79428_250
818,818.0,818.0,,,,,,,,,,,361060,1,0.7852,default35702_250
819,819.0,819.0,,,,,,,,,,,361060,1,0.7886,trees79428_250
820,820.0,820.0,,,,,,,,,,,361060,2,0.7582,default35702_250
821,821.0,821.0,,,,,,,,,,,361060,2,0.7582,trees79428_250
822,822.0,822.0,,,,,,,,,,,361061,0,0.7396,default35702_250
823,823.0,823.0,,,,,,,,,,,361061,0,0.7458,trees79428_250
824,824.0,824.0,,,,,,,,,,,361061,1,0.7486,default35702_250
825,825.0,825.0,,,,,,,,,,,361061,1,0.7552,trees79428_250
826,826.0,826.0,,,,,,,,,,,361061,2,0.7576,default35702_250
827,827.0,827.0,,,,,,,,,,,361061,2,0.759,trees79428_250
828,828.0,828.0,,,,,,,,,,,361062,0,0.9454635597421914,default35702_250
829,829.0,829.0,,,,,,,,,,,361062,0,0.9459593455627168,trees79428_250
830,830.0,830.0,,,,,,,,,,,361062,1,0.9444719881011404,default35702_250
831,831.0,831.0,,,,,,,,,,,361062,1,0.9419930589985126,trees79428_250
832,832.0,832.0,,,,,,,,,,,361062,2,0.940505701536936,default35702_250
833,833.0,833.0,,,,,,,,,,,361062,2,0.9439762022806149,trees79428_250
834,834.0,834.0,,,,,,,,,,,361063,0,0.8706449221645663,default35702_250
835,835.0,835.0,,,,,,,,,,,361063,0,0.868421052631579,trees79428_250
836,836.0,836.0,,,,,,,,,,,361063,1,0.860637509266123,default35702_250
837,837.0,837.0,,,,,,,,,,,361063,1,0.8587842846553002,trees79428_250
838,838.0,838.0,,,,,,,,,,,361063,2,0.8535952557449963,default35702_250
839,839.0,839.0,,,,,,,,,,,361063,2,0.8543365455893255,trees79428_250
840,840.0,840.0,,,,,,,,,,,361065,0,0.8217488789237668,default35702_250
841,841.0,841.0,,,,,,,,,,,361065,0,0.8251121076233184,trees79428_250
842,842.0,842.0,,,,,,,,,,,361065,1,0.820627802690583,default35702_250
843,843.0,843.0,,,,,,,,,,,361065,1,0.8213751868460388,trees79428_250
844,844.0,844.0,,,,,,,,,,,361065,2,0.819880418535127,default35702_250
845,845.0,845.0,,,,,,,,,,,361065,2,0.8191330343796711,trees79428_250
846,846.0,846.0,,,,,,,,,,,361066,0,0.775992438563327,default35702_250
847,847.0,847.0,,,,,,,,,,,361066,0,0.7811909262759924,trees79428_250
848,848.0,848.0,,,,,,,,,,,361066,1,0.7821361058601134,default35702_250
849,849.0,849.0,,,,,,,,,,,361066,1,0.776937618147448,trees79428_250
850,850.0,850.0,,,,,,,,,,,361066,2,0.777882797731569,default35702_250
851,851.0,851.0,,,,,,,,,,,361066,2,0.7821361058601134,trees79428_250
852,852.0,852.0,,,,,,,,,,,361068,0,0.92,default35702_250
853,853.0,853.0,,,,,,,,,,,361068,0,0.9122,trees79428_250
854,854.0,854.0,,,,,,,,,,,361068,1,0.919,default35702_250
855,855.0,855.0,,,,,,,,,,,361068,1,0.9166,trees79428_250
856,856.0,856.0,,,,,,,,,,,361068,2,0.9212,default35702_250
857,857.0,857.0,,,,,,,,,,,361068,2,0.921,trees79428_250
858,858.0,858.0,,,,,,,,,,,361069,0,0.6302,default35702_250
859,859.0,859.0,,,,,,,,,,,361069,0,0.6392,trees79428_250
860,860.0,860.0,,,,,,,,,,,361069,1,0.6188,default35702_250
861,861.0,861.0,,,,,,,,,,,361069,1,0.623,trees79428_250
862,862.0,862.0,,,,,,,,,,,361069,2,0.6246,default35702_250
863,863.0,863.0,,,,,,,,,,,361069,2,0.6322,trees79428_250
864,864.0,864.0,,,,,,,,,,,361070,0,0.5374507227332457,default35702_250
865,865.0,865.0,,,,,,,,,,,361070,0,0.5427069645203679,trees79428_250
866,866.0,866.0,,,,,,,,,,,361070,1,0.5440210249671484,default35702_250
867,867.0,867.0,,,,,,,,,,,361070,1,0.5420499342969777,trees79428_250
868,868.0,868.0,,,,,,,,,,,361070,2,0.5729303547963206,default35702_250
869,869.0,869.0,,,,,,,,,,,361070,2,0.561760840998686,trees79428_250
870,870.0,870.0,,,,,,,,,,,361273,0,0.5902,default35702_250
871,871.0,871.0,,,,,,,,,,,361273,0,0.5926,trees79428_250
872,872.0,872.0,,,,,,,,,,,361273,1,0.5964,default35702_250
873,873.0,873.0,,,,,,,,,,,361273,1,0.5938,trees79428_250
874,874.0,874.0,,,,,,,,,,,361273,2,0.5962,default35702_250
875,875.0,875.0,,,,,,,,,,,361273,2,0.5976,trees79428_250
876,876.0,876.0,,,,,,,,,,,361274,0,0.733,default35702_250
877,877.0,877.0,,,,,,,,,,,361274,0,0.7342,trees79428_250
878,878.0,878.0,,,,,,,,,,,361274,1,0.7116,default35702_250
879,879.0,879.0,,,,,,,,,,,361274,1,0.7122,trees79428_250
880,880.0,880.0,,,,,,,,,,,361274,2,0.7206,default35702_250
881,881.0,881.0,,,,,,,,,,,361274,2,0.7152,trees79428_250
882,882.0,882.0,,,,,,,,,,,361275,0,0.7133709981167609,default35702_250
883,883.0,883.0,,,,,,,,,,,361275,0,0.7016949152542373,trees79428_250
884,884.0,884.0,,,,,,,,,,,361275,1,0.711864406779661,default35702_250
885,885.0,885.0,,,,,,,,,,,361275,1,0.7009416195856873,trees79428_250
886,886.0,886.0,,,,,,,,,,,361275,2,0.6994350282485876,default35702_250
887,887.0,887.0,,,,,,,,,,,361275,2,0.6986817325800376,trees79428_250
888,888.0,888.0,,,,,,,,,,,361277,0,0.8422582990065423,default35702_250
889,889.0,889.0,,,,,,,,,,,361277,0,0.8383813908408044,trees79428_250
890,890.0,890.0,,,,,,,,,,,361277,1,0.8458929004119214,default35702_250
891,891.0,891.0,,,,,,,,,,,361277,1,0.8463775139326387,trees79428_250
892,892.0,892.0,,,,,,,,,,,361277,2,0.8434698328083353,default35702_250
893,893.0,893.0,,,,,,,,,,,361277,2,0.8454082868912043,trees79428_250
894,894.0,894.0,,,,,,,,,,,361278,0,0.69,default35702_250
895,895.0,895.0,,,,,,,,,,,361278,0,0.686,trees79428_250
896,896.0,896.0,,,,,,,,,,,361278,1,0.7095,default35702_250
897,897.0,897.0,,,,,,,,,,,361278,1,0.7045,trees79428_250
898,898.0,898.0,,,,,,,,,,,361278,2,0.6985,default35702_250
899,899.0,899.0,,,,,,,,,,,361278,2,0.703,trees79428_250
900,,,,,,,,,,,,,361055,0,0.7627879150463656,trees13368_15
901,,,,,,,,,,,,,361055,0,0.7627879150463656,trees13368_15
902,,,,,,,,,,,,,361055,1,0.7574035297636853,trees13368_15
903,,,,,,,,,,,,,361055,1,0.7574035297636853,trees13368_15
904,,,,,,,,,,,,,361055,2,0.7457373616512115,trees13368_15
905,,,,,,,,,,,,,361055,2,0.7457373616512115,trees13368_15
906,,,,,,,,,,,,,361060,0,0.7598,trees13368_15
907,,,,,,,,,,,,,361060,0,0.7598,trees13368_15
908,,,,,,,,,,,,,361060,1,0.7736,trees13368_15
909,,,,,,,,,,,,,361060,1,0.7736,trees13368_15
910,,,,,,,,,,,,,361060,2,0.7548,trees13368_15
911,,,,,,,,,,,,,361060,2,0.7548,trees13368_15
912,,,,,,,,,,,,,361061,0,0.7328,trees13368_15
913,,,,,,,,,,,,,361061,0,0.7328,trees13368_15
914,,,,,,,,,,,,,361061,1,0.7418,trees13368_15
915,,,,,,,,,,,,,361061,1,0.7418,trees13368_15
916,,,,,,,,,,,,,361061,2,0.7404,trees13368_15
917,,,,,,,,,,,,,361061,2,0.7404,trees13368_15
918,,,,,,,,,,,,,361062,0,0.9380267724343084,trees13368_15
919,,,,,,,,,,,,,361062,0,0.9380267724343084,trees13368_15
920,,,,,,,,,,,,,361062,1,0.9390183440753594,trees13368_15
921,,,,,,,,,,,,,361062,1,0.9390183440753594,trees13368_15
922,,,,,,,,,,,,,361062,2,0.9196826970748636,trees13368_15
923,,,,,,,,,,,,,361062,2,0.9196826970748636,trees13368_15
924,,,,,,,,,,,,,361063,0,0.8673091178650852,trees13368_15
925,,,,,,,,,,,,,361063,0,0.8673091178650852,trees13368_15
926,,,,,,,,,,,,,361063,1,0.8569310600444774,trees13368_15
927,,,,,,,,,,,,,361063,1,0.8569310600444774,trees13368_15
928,,,,,,,,,,,,,361063,2,0.8558191252779836,trees13368_15
929,,,,,,,,,,,,,361063,2,0.8558191252779836,trees13368_15
930,,,,,,,,,,,,,361065,0,0.8232436472346786,trees13368_15
931,,,,,,,,,,,,,361065,0,0.8232436472346786,trees13368_15
932,,,,,,,,,,,,,361065,1,0.8011958146487295,trees13368_15
933,,,,,,,,,,,,,361065,1,0.8011958146487295,trees13368_15
934,,,,,,,,,,,,,361065,2,0.8112855007473841,trees13368_15
935,,,,,,,,,,,,,361065,2,0.8112855007473841,trees13368_15
936,,,,,,,,,,,,,361066,0,0.7731568998109641,trees13368_15
937,,,,,,,,,,,,,361066,0,0.7731568998109641,trees13368_15
938,,,,,,,,,,,,,361066,1,0.7679584120982986,trees13368_15
939,,,,,,,,,,,,,361066,1,0.7679584120982986,trees13368_15
940,,,,,,,,,,,,,361066,2,0.7844990548204159,trees13368_15
941,,,,,,,,,,,,,361066,2,0.7844990548204159,trees13368_15
942,,,,,,,,,,,,,361068,0,0.913,trees13368_15
943,,,,,,,,,,,,,361068,0,0.913,trees13368_15
944,,,,,,,,,,,,,361068,1,0.9154,trees13368_15
945,,,,,,,,,,,,,361068,1,0.9154,trees13368_15
946,,,,,,,,,,,,,361068,2,0.9144,trees13368_15
947,,,,,,,,,,,,,361068,2,0.9144,trees13368_15
948,,,,,,,,,,,,,361069,0,0.6248,trees13368_15
949,,,,,,,,,,,,,361069,0,0.6248,trees13368_15
950,,,,,,,,,,,,,361069,1,0.6074,trees13368_15
951,,,,,,,,,,,,,361069,1,0.6074,trees13368_15
952,,,,,,,,,,,,,361069,2,0.623,trees13368_15
953,,,,,,,,,,,,,361069,2,0.623,trees13368_15
954,,,,,,,,,,,,,361070,0,0.5341655716162943,trees13368_15
955,,,,,,,,,,,,,361070,0,0.5341655716162943,trees13368_15
956,,,,,,,,,,,,,361070,1,0.5302233902759527,trees13368_15
957,,,,,,,,,,,,,361070,1,0.5302233902759527,trees13368_15
958,,,,,,,,,,,,,361070,2,0.5611038107752957,trees13368_15
959,,,,,,,,,,,,,361070,2,0.5611038107752957,trees13368_15
960,,,,,,,,,,,,,361273,0,0.5816,trees13368_15
961,,,,,,,,,,,,,361273,0,0.5816,trees13368_15
962,,,,,,,,,,,,,361273,1,0.562,trees13368_15
963,,,,,,,,,,,,,361273,1,0.562,trees13368_15
964,,,,,,,,,,,,,361273,2,0.5846,trees13368_15
965,,,,,,,,,,,,,361273,2,0.5846,trees13368_15
966,,,,,,,,,,,,,361274,0,0.738,trees13368_15
967,,,,,,,,,,,,,361274,0,0.738,trees13368_15
968,,,,,,,,,,,,,361274,1,0.7146,trees13368_15
969,,,,,,,,,,,,,361274,1,0.7146,trees13368_15
970,,,,,,,,,,,,,361274,2,0.7272,trees13368_15
971,,,,,,,,,,,,,361274,2,0.7272,trees13368_15
972,,,,,,,,,,,,,361275,0,0.6922787193973635,trees13368_15
973,,,,,,,,,,,,,361275,0,0.6922787193973635,trees13368_15
974,,,,,,,,,,,,,361275,1,0.687382297551789,trees13368_15
975,,,,,,,,,,,,,361275,1,0.687382297551789,trees13368_15
976,,,,,,,,,,,,,361275,2,0.6828625235404896,trees13368_15
977,,,,,,,,,,,,,361275,2,0.6828625235404896,trees13368_15
978,,,,,,,,,,,,,361277,0,0.834262175914708,trees13368_15
979,,,,,,,,,,,,,361277,0,0.834262175914708,trees13368_15
980,,,,,,,,,,,,,361277,1,0.8415313787254665,trees13368_15
981,,,,,,,,,,,,,361277,1,0.8415313787254665,trees13368_15
982,,,,,,,,,,,,,361277,2,0.8378967773200873,trees13368_15
983,,,,,,,,,,,,,361277,2,0.8378967773200873,trees13368_15
984,,,,,,,,,,,,,361278,0,0.6785,trees13368_15
985,,,,,,,,,,,,,361278,0,0.6785,trees13368_15
986,,,,,,,,,,,,,361278,1,0.697,trees13368_15
987,,,,,,,,,,,,,361278,1,0.697,trees13368_15
988,,,,,,,,,,,,,361278,2,0.6885,trees13368_15
989,,,,,,,,,,,,,361278,2,0.6885,trees13368_15
