,Unnamed: 0.1,Unnamed: 0,suite_id,task_id,seed,metric,value,model
0,0.0,0.0,337,361055,0,accuracy,0.7631461675579323,tabpfn_trees13368_60
1,1.0,0.0,337,361055,0,roc_auc,0.8361946212645706,tabpfn_trees13368_60
2,2.0,0.0,337,361055,1,accuracy,0.7475490196078431,tabpfn_trees13368_60
3,3.0,0.0,337,361055,1,roc_auc,0.8296610093751955,tabpfn_trees13368_60
4,4.0,0.0,337,361055,2,accuracy,0.732397504456328,tabpfn_trees13368_60
5,5.0,0.0,337,361055,2,roc_auc,0.8269680381528478,tabpfn_trees13368_60
6,6.0,0.0,337,361060,0,accuracy,0.776180926916221,tabpfn_trees13368_60
7,7.0,0.0,337,361060,0,roc_auc,0.8587601734875707,tabpfn_trees13368_60
8,8.0,0.0,337,361060,1,accuracy,0.7692736185383244,tabpfn_trees13368_60
9,9.0,0.0,337,361060,1,roc_auc,0.8538106790440395,tabpfn_trees13368_60
10,10.0,0.0,337,361060,2,accuracy,0.7728386809269162,tabpfn_trees13368_60
11,11.0,0.0,337,361060,2,roc_auc,0.8565139951700625,tabpfn_trees13368_60
12,12.0,0.0,337,361061,0,accuracy,0.7564616755793226,tabpfn_trees13368_60
13,13.0,0.0,337,361061,0,roc_auc,0.8183892748691433,tabpfn_trees13368_60
14,14.0,0.0,337,361061,1,accuracy,0.7464349376114082,tabpfn_trees13368_60
15,15.0,0.0,337,361061,1,roc_auc,0.8136803759409247,tabpfn_trees13368_60
16,16.0,0.0,337,361061,2,accuracy,0.7552361853832442,tabpfn_trees13368_60
17,17.0,0.0,337,361061,2,roc_auc,0.8194746247967186,tabpfn_trees13368_60
18,18.0,0.0,337,361062,0,accuracy,0.963680926916221,tabpfn_trees13368_60
19,19.0,0.0,337,361062,0,roc_auc,0.9949111136618736,tabpfn_trees13368_60
20,20.0,0.0,337,361062,1,accuracy,0.962566844919786,tabpfn_trees13368_60
21,21.0,0.0,337,361062,1,roc_auc,0.994971268505178,tabpfn_trees13368_60
22,22.0,0.0,337,361062,2,accuracy,0.955325311942959,tabpfn_trees13368_60
23,23.0,0.0,337,361062,2,roc_auc,0.9954970001183588,tabpfn_trees13368_60
24,24.0,0.0,337,361063,0,accuracy,0.8585115864527629,tabpfn_trees13368_60
25,25.0,0.0,337,361063,0,roc_auc,0.9365770238519312,tabpfn_trees13368_60
26,26.0,0.0,337,361063,1,accuracy,0.8618538324420677,tabpfn_trees13368_60
27,27.0,0.0,337,361063,1,roc_auc,0.9366214003993588,tabpfn_trees13368_60
28,28.0,0.0,337,361063,2,accuracy,0.8547237076648841,tabpfn_trees13368_60
29,29.0,0.0,337,361063,2,roc_auc,0.9338860041369628,tabpfn_trees13368_60
30,30.0,0.0,337,361065,0,accuracy,0.8318850267379679,tabpfn_trees13368_60
31,31.0,0.0,337,361065,0,roc_auc,0.9075820008809284,tabpfn_trees13368_60
32,32.0,0.0,337,361065,1,accuracy,0.8133912655971479,tabpfn_trees13368_60
33,33.0,0.0,337,361065,1,roc_auc,0.9073603258866124,tabpfn_trees13368_60
34,34.0,0.0,337,361065,2,accuracy,0.8340017825311943,tabpfn_trees13368_60
35,35.0,0.0,337,361065,2,roc_auc,0.9092798977665728,tabpfn_trees13368_60
36,36.0,0.0,337,361066,0,accuracy,0.7758467023172906,tabpfn_trees13368_60
37,37.0,0.0,337,361066,0,roc_auc,0.8434994300134403,tabpfn_trees13368_60
38,38.0,0.0,337,361066,1,accuracy,0.7667112299465241,tabpfn_trees13368_60
39,39.0,0.0,337,361066,1,roc_auc,0.8436353646037696,tabpfn_trees13368_60
40,40.0,0.0,337,361066,2,accuracy,0.7655971479500892,tabpfn_trees13368_60
41,41.0,0.0,337,361066,2,roc_auc,0.8455446713475359,tabpfn_trees13368_60
42,42.0,0.0,337,361068,0,accuracy,0.9058600713012478,tabpfn_trees13368_60
43,43.0,0.0,337,361068,0,roc_auc,0.9697203274120708,tabpfn_trees13368_60
44,44.0,0.0,337,361068,1,accuracy,0.91198752228164,tabpfn_trees13368_60
45,45.0,0.0,337,361068,1,roc_auc,0.9678055849475076,tabpfn_trees13368_60
46,46.0,0.0,337,361068,2,accuracy,0.913324420677362,tabpfn_trees13368_60
47,47.0,0.0,337,361068,2,roc_auc,0.9697230300166542,tabpfn_trees13368_60
48,48.0,0.0,337,361069,0,accuracy,0.6398172905525846,tabpfn_trees13368_60
49,49.0,0.0,337,361069,0,roc_auc,0.7024933086543391,tabpfn_trees13368_60
50,50.0,0.0,337,361069,1,accuracy,0.6278966131907309,tabpfn_trees13368_60
51,51.0,0.0,337,361069,1,roc_auc,0.68166597176853,tabpfn_trees13368_60
52,52.0,0.0,337,361069,2,accuracy,0.6458333333333334,tabpfn_trees13368_60
53,53.0,0.0,337,361069,2,roc_auc,0.7048054805162773,tabpfn_trees13368_60
54,54.0,0.0,337,361070,0,accuracy,0.5619684082624544,tabpfn_trees13368_60
55,55.0,0.0,337,361070,0,roc_auc,0.5894534566124091,tabpfn_trees13368_60
56,56.0,0.0,337,361070,1,accuracy,0.5408566221142163,tabpfn_trees13368_60
57,57.0,0.0,337,361070,1,roc_auc,0.5631697976641259,tabpfn_trees13368_60
58,58.0,0.0,337,361070,2,accuracy,0.5460206561360875,tabpfn_trees13368_60
59,59.0,0.0,337,361070,2,roc_auc,0.5556214879138467,tabpfn_trees13368_60
60,60.0,0.0,337,361273,0,accuracy,0.5631684491978609,tabpfn_trees13368_60
61,61.0,0.0,337,361273,0,roc_auc,0.5966211908771707,tabpfn_trees13368_60
62,62.0,0.0,337,361273,1,accuracy,0.5777629233511586,tabpfn_trees13368_60
63,63.0,0.0,337,361273,1,roc_auc,0.6035027872824315,tabpfn_trees13368_60
64,64.0,0.0,337,361273,2,accuracy,0.5916889483065954,tabpfn_trees13368_60
65,65.0,0.0,337,361273,2,roc_auc,0.6104331752940367,tabpfn_trees13368_60
66,66.0,0.0,337,361274,0,accuracy,0.739193404634581,tabpfn_trees13368_60
67,67.0,0.0,337,361274,0,roc_auc,0.8055617878766209,tabpfn_trees13368_60
68,68.0,0.0,337,361274,1,accuracy,0.7330659536541889,tabpfn_trees13368_60
69,69.0,0.0,337,361274,1,roc_auc,0.8097720240081351,tabpfn_trees13368_60
70,70.0,0.0,337,361274,2,accuracy,0.7338458110516934,tabpfn_trees13368_60
71,71.0,0.0,337,361274,2,roc_auc,0.8119469241859488,tabpfn_trees13368_60
72,72.0,0.0,337,361275,0,accuracy,0.7032085561497327,tabpfn_trees13368_60
73,73.0,0.0,337,361275,0,roc_auc,0.7560671667343256,tabpfn_trees13368_60
74,74.0,0.0,337,361275,1,accuracy,0.6954099821746881,tabpfn_trees13368_60
75,75.0,0.0,337,361275,1,roc_auc,0.7582578327322413,tabpfn_trees13368_60
76,76.0,0.0,337,361275,2,accuracy,0.6925133689839572,tabpfn_trees13368_60
77,77.0,0.0,337,361275,2,roc_auc,0.7537102466480868,tabpfn_trees13368_60
78,78.0,0.0,337,361277,0,accuracy,0.8263146167557932,tabpfn_trees13368_60
79,79.0,0.0,337,361277,0,roc_auc,0.9049678087656366,tabpfn_trees13368_60
80,80.0,0.0,337,361277,1,accuracy,0.8358957219251337,tabpfn_trees13368_60
81,81.0,0.0,337,361277,1,roc_auc,0.9075832287430096,tabpfn_trees13368_60
82,82.0,0.0,337,361277,2,accuracy,0.8343360071301248,tabpfn_trees13368_60
83,83.0,0.0,337,361277,2,roc_auc,0.9073499636564402,tabpfn_trees13368_60
84,84.0,0.0,337,361278,0,accuracy,0.7010918003565062,tabpfn_trees13368_60
85,85.0,0.0,337,361278,0,roc_auc,0.7588937563039578,tabpfn_trees13368_60
86,86.0,0.0,337,361278,1,accuracy,0.6996434937611408,tabpfn_trees13368_60
87,87.0,0.0,337,361278,1,roc_auc,0.7631778961995136,tabpfn_trees13368_60
88,88.0,0.0,337,361278,2,accuracy,0.7003119429590018,tabpfn_trees13368_60
89,89.0,0.0,337,361278,2,roc_auc,0.7648506684179757,tabpfn_trees13368_60
90,90.0,0.0,334,361110,0,accuracy,0.7909982174688057,tabpfn_trees13368_60
91,91.0,0.0,334,361110,0,roc_auc,0.8609510367264148,tabpfn_trees13368_60
92,92.0,0.0,334,361110,1,accuracy,0.7691622103386809,tabpfn_trees13368_60
93,93.0,0.0,334,361110,1,roc_auc,0.858092075900532,tabpfn_trees13368_60
94,94.0,0.0,334,361110,2,accuracy,0.7751782531194296,tabpfn_trees13368_60
95,95.0,0.0,334,361110,2,roc_auc,0.8593454920458534,tabpfn_trees13368_60
96,96.0,0.0,334,361111,0,accuracy,0.5654617253948967,tabpfn_trees13368_60
97,97.0,0.0,334,361111,0,roc_auc,0.5969278503672535,tabpfn_trees13368_60
98,98.0,0.0,334,361111,1,accuracy,0.5555893074119077,tabpfn_trees13368_60
99,99.0,0.0,334,361111,1,roc_auc,0.576661208936455,tabpfn_trees13368_60
100,100.0,0.0,334,361111,2,accuracy,0.5440461725394897,tabpfn_trees13368_60
101,101.0,0.0,334,361111,2,roc_auc,0.5783004197524302,tabpfn_trees13368_60
102,102.0,0.0,334,361113,0,accuracy,0.7762923351158645,tabpfn_trees13368_60
103,103.0,0.0,334,361113,0,roc_auc,0.846898504766251,tabpfn_trees13368_60
104,104.0,0.0,334,361113,1,accuracy,0.7681595365418895,tabpfn_trees13368_60
105,105.0,0.0,334,361113,1,roc_auc,0.844554045257053,tabpfn_trees13368_60
106,106.0,0.0,334,361113,2,accuracy,0.7723930481283422,tabpfn_trees13368_60
107,107.0,0.0,334,361113,2,roc_auc,0.852104163444689,tabpfn_trees13368_60
108,108.0,0.0,334,361282,0,accuracy,0.6102941176470589,tabpfn_trees13368_60
109,109.0,0.0,334,361282,0,roc_auc,0.6347926973101112,tabpfn_trees13368_60
110,110.0,0.0,334,361282,1,accuracy,0.6095142602495544,tabpfn_trees13368_60
111,111.0,0.0,334,361282,1,roc_auc,0.655483644493589,tabpfn_trees13368_60
112,112.0,0.0,334,361282,2,accuracy,0.6139705882352942,tabpfn_trees13368_60
113,113.0,0.0,334,361282,2,roc_auc,0.6526940813588036,tabpfn_trees13368_60
114,114.0,0.0,334,361283,0,accuracy,0.7036541889483066,tabpfn_trees13368_60
115,115.0,0.0,334,361283,0,roc_auc,0.7568049694422222,tabpfn_trees13368_60
116,116.0,0.0,334,361283,1,accuracy,0.6966354723707665,tabpfn_trees13368_60
117,117.0,0.0,334,361283,1,roc_auc,0.7601389098520837,tabpfn_trees13368_60
118,118.0,0.0,334,361283,2,accuracy,0.696301247771836,tabpfn_trees13368_60
119,119.0,0.0,334,361283,2,roc_auc,0.7574322226031316,tabpfn_trees13368_60
120,120.0,0.0,334,361285,0,accuracy,0.7261586452762924,tabpfn_trees13368_60
121,121.0,0.0,334,361285,0,roc_auc,0.8011710213730727,tabpfn_trees13368_60
122,122.0,0.0,334,361285,1,accuracy,0.7093360071301248,tabpfn_trees13368_60
123,123.0,0.0,334,361285,1,roc_auc,0.782831091751175,tabpfn_trees13368_60
124,124.0,0.0,334,361285,2,accuracy,0.704879679144385,tabpfn_trees13368_60
125,125.0,0.0,334,361285,2,roc_auc,0.788864919773246,tabpfn_trees13368_60
126,126.0,0.0,334,361286,0,accuracy,0.6750380517503806,tabpfn_trees13368_60
127,127.0,0.0,334,361286,0,roc_auc,0.7074521458432009,tabpfn_trees13368_60
128,128.0,0.0,334,361286,1,accuracy,0.6600710299340437,tabpfn_trees13368_60
129,129.0,0.0,334,361286,1,roc_auc,0.6976929783364128,tabpfn_trees13368_60
130,130.0,0.0,334,361286,2,accuracy,0.6661593099949265,tabpfn_trees13368_60
131,131.0,0.0,334,361286,2,roc_auc,0.7155745269067559,tabpfn_trees13368_60
132,132.0,0.0,cc18,11,0,accuracy,0.4076433121019108,tabpfn_trees13368_60
133,133.0,0.0,cc18,11,0,roc_auc,0.7946581196581196,tabpfn_trees13368_60
134,134.0,0.0,cc18,11,1,accuracy,0.4076433121019108,tabpfn_trees13368_60
135,135.0,0.0,cc18,11,1,roc_auc,0.803761017628205,tabpfn_trees13368_60
136,136.0,0.0,cc18,11,2,accuracy,0.464968152866242,tabpfn_trees13368_60
137,137.0,0.0,cc18,11,2,roc_auc,0.7297914352708874,tabpfn_trees13368_60
138,138.0,0.0,cc18,14,0,accuracy,0.0758196721311475,tabpfn_trees13368_60
139,139.0,0.0,cc18,14,0,roc_auc,0.5620513667317698,tabpfn_trees13368_60
140,140.0,0.0,cc18,14,1,accuracy,0.1024590163934426,tabpfn_trees13368_60
141,141.0,0.0,cc18,14,1,roc_auc,0.549368035286677,tabpfn_trees13368_60
142,142.0,0.0,cc18,14,2,accuracy,0.1014344262295082,tabpfn_trees13368_60
143,143.0,0.0,cc18,14,2,roc_auc,0.5634629742600188,tabpfn_trees13368_60
144,144.0,0.0,cc18,15,0,accuracy,0.9942857142857144,tabpfn_trees13368_60
145,145.0,0.0,cc18,15,0,roc_auc,0.9997236042012162,tabpfn_trees13368_60
146,146.0,0.0,cc18,15,1,accuracy,0.9542857142857144,tabpfn_trees13368_60
147,147.0,0.0,cc18,15,1,roc_auc,0.9947826086956522,tabpfn_trees13368_60
148,148.0,0.0,cc18,15,2,accuracy,0.9714285714285714,tabpfn_trees13368_60
149,149.0,0.0,cc18,15,2,roc_auc,0.9846969696969696,tabpfn_trees13368_60
150,150.0,0.0,cc18,16,0,accuracy,0.1639344262295081,tabpfn_trees13368_60
151,151.0,0.0,cc18,16,0,roc_auc,0.5808731349902454,tabpfn_trees13368_60
152,152.0,0.0,cc18,16,1,accuracy,0.0922131147540983,tabpfn_trees13368_60
153,153.0,0.0,cc18,16,1,roc_auc,0.5439981805333264,tabpfn_trees13368_60
154,154.0,0.0,cc18,16,2,accuracy,0.1075819672131147,tabpfn_trees13368_60
155,155.0,0.0,cc18,16,2,roc_auc,0.5420062176915995,tabpfn_trees13368_60
156,156.0,0.0,cc18,18,0,accuracy,0.0983606557377049,tabpfn_trees13368_60
157,157.0,0.0,cc18,18,0,roc_auc,0.5114821998297013,tabpfn_trees13368_60
158,158.0,0.0,cc18,18,1,accuracy,0.0727459016393442,tabpfn_trees13368_60
159,159.0,0.0,cc18,18,1,roc_auc,0.5760647874113399,tabpfn_trees13368_60
160,160.0,0.0,cc18,18,2,accuracy,0.1065573770491803,tabpfn_trees13368_60
161,161.0,0.0,cc18,18,2,roc_auc,0.4200182716603918,tabpfn_trees13368_60
162,162.0,0.0,cc18,22,0,accuracy,0.1577868852459016,tabpfn_trees13368_60
163,163.0,0.0,cc18,22,0,roc_auc,0.5284737831878377,tabpfn_trees13368_60
164,164.0,0.0,cc18,22,1,accuracy,0.0727459016393442,tabpfn_trees13368_60
165,165.0,0.0,cc18,22,1,roc_auc,0.5669173953611292,tabpfn_trees13368_60
166,166.0,0.0,cc18,22,2,accuracy,0.1096311475409836,tabpfn_trees13368_60
167,167.0,0.0,cc18,22,2,roc_auc,0.5423714468015374,tabpfn_trees13368_60
168,168.0,0.0,cc18,23,0,accuracy,0.3385300668151447,tabpfn_trees13368_60
169,169.0,0.0,cc18,23,0,roc_auc,0.5404163637624739,tabpfn_trees13368_60
170,170.0,0.0,cc18,23,1,accuracy,0.3719376391982182,tabpfn_trees13368_60
171,171.0,0.0,cc18,23,1,roc_auc,0.5554795767151953,tabpfn_trees13368_60
172,172.0,0.0,cc18,23,2,accuracy,0.33184855233853,tabpfn_trees13368_60
173,173.0,0.0,cc18,23,2,roc_auc,0.4733806434824307,tabpfn_trees13368_60
174,174.0,0.0,cc18,29,0,accuracy,0.8554913294797688,tabpfn_trees13368_60
175,175.0,0.0,cc18,29,0,roc_auc,0.9089556277056275,tabpfn_trees13368_60
176,176.0,0.0,cc18,29,1,accuracy,0.8439306358381503,tabpfn_trees13368_60
177,177.0,0.0,cc18,29,1,roc_auc,0.9154290429042904,tabpfn_trees13368_60
178,178.0,0.0,cc18,29,2,accuracy,0.8092485549132948,tabpfn_trees13368_60
179,179.0,0.0,cc18,29,2,roc_auc,0.8848979591836735,tabpfn_trees13368_60
180,180.0,0.0,cc18,31,0,accuracy,0.728,tabpfn_trees13368_60
181,181.0,0.0,cc18,31,0,roc_auc,0.7721323529411765,tabpfn_trees13368_60
182,182.0,0.0,cc18,31,1,accuracy,0.768,tabpfn_trees13368_60
183,183.0,0.0,cc18,31,1,roc_auc,0.7787318934859918,tabpfn_trees13368_60
184,184.0,0.0,cc18,31,2,accuracy,0.736,tabpfn_trees13368_60
185,185.0,0.0,cc18,31,2,roc_auc,0.7691532258064517,tabpfn_trees13368_60
186,186.0,0.0,cc18,37,0,accuracy,0.8177083333333334,tabpfn_trees13368_60
187,187.0,0.0,cc18,37,0,roc_auc,0.9009428471656384,tabpfn_trees13368_60
188,188.0,0.0,cc18,37,1,accuracy,0.734375,tabpfn_trees13368_60
189,189.0,0.0,cc18,37,1,roc_auc,0.75480093676815,tabpfn_trees13368_60
190,190.0,0.0,cc18,37,2,accuracy,0.7708333333333334,tabpfn_trees13368_60
191,191.0,0.0,cc18,37,2,roc_auc,0.8208017077798861,tabpfn_trees13368_60
192,192.0,0.0,cc18,50,0,accuracy,0.8458333333333333,tabpfn_trees13368_60
193,193.0,0.0,cc18,50,0,roc_auc,0.9704755465404552,tabpfn_trees13368_60
194,194.0,0.0,cc18,50,1,accuracy,0.8875,tabpfn_trees13368_60
195,195.0,0.0,cc18,50,1,roc_auc,0.9778767743884024,tabpfn_trees13368_60
196,196.0,0.0,cc18,50,2,accuracy,0.8375,tabpfn_trees13368_60
197,197.0,0.0,cc18,50,2,roc_auc,0.9565021410863196,tabpfn_trees13368_60
198,198.0,0.0,cc18,54,0,accuracy,0.2216981132075471,tabpfn_trees13368_60
199,199.0,0.0,cc18,54,0,roc_auc,0.6365936040244341,tabpfn_trees13368_60
200,200.0,0.0,cc18,54,1,accuracy,0.2641509433962264,tabpfn_trees13368_60
201,201.0,0.0,cc18,54,1,roc_auc,0.7399080024638062,tabpfn_trees13368_60
202,202.0,0.0,cc18,54,2,accuracy,0.2830188679245283,tabpfn_trees13368_60
203,203.0,0.0,cc18,54,2,roc_auc,0.6211325169255278,tabpfn_trees13368_60
204,204.0,0.0,cc18,188,0,accuracy,0.1902173913043478,tabpfn_trees13368_60
205,205.0,0.0,cc18,188,0,roc_auc,0.5745476423889532,tabpfn_trees13368_60
206,206.0,0.0,cc18,188,1,accuracy,0.2826086956521739,tabpfn_trees13368_60
207,207.0,0.0,cc18,188,1,roc_auc,0.4583591931424976,tabpfn_trees13368_60
208,208.0,0.0,cc18,188,2,accuracy,0.2826086956521739,tabpfn_trees13368_60
209,209.0,0.0,cc18,188,2,roc_auc,0.4944691244859526,tabpfn_trees13368_60
210,210.0,0.0,cc18,458,0,accuracy,0.1943127962085308,tabpfn_trees13368_60
211,211.0,0.0,cc18,458,0,roc_auc,0.6710473030529,tabpfn_trees13368_60
212,212.0,0.0,cc18,458,1,accuracy,0.3696682464454976,tabpfn_trees13368_60
213,213.0,0.0,cc18,458,1,roc_auc,0.3955191688343862,tabpfn_trees13368_60
214,214.0,0.0,cc18,458,2,accuracy,0.1990521327014218,tabpfn_trees13368_60
215,215.0,0.0,cc18,458,2,roc_auc,0.7730891838034695,tabpfn_trees13368_60
216,216.0,0.0,cc18,469,0,accuracy,0.16,tabpfn_trees13368_60
217,217.0,0.0,cc18,469,0,roc_auc,0.435534606864412,tabpfn_trees13368_60
218,218.0,0.0,cc18,469,1,accuracy,0.16,tabpfn_trees13368_60
219,219.0,0.0,cc18,469,1,roc_auc,0.5034934941184942,tabpfn_trees13368_60
220,220.0,0.0,cc18,469,2,accuracy,0.205,tabpfn_trees13368_60
221,221.0,0.0,cc18,469,2,roc_auc,0.5175700188308296,tabpfn_trees13368_60
222,222.0,0.0,cc18,1049,0,accuracy,0.9078341013824884,tabpfn_trees13368_60
223,223.0,0.0,cc18,1049,0,roc_auc,0.9366456765473812,tabpfn_trees13368_60
224,224.0,0.0,cc18,1049,1,accuracy,0.9147465437788018,tabpfn_trees13368_60
225,225.0,0.0,cc18,1049,1,roc_auc,0.9299774540409296,tabpfn_trees13368_60
226,226.0,0.0,cc18,1049,2,accuracy,0.8963133640552995,tabpfn_trees13368_60
227,227.0,0.0,cc18,1049,2,roc_auc,0.9126995206850016,tabpfn_trees13368_60
228,228.0,0.0,cc18,1050,0,accuracy,0.901669758812616,tabpfn_trees13368_60
229,229.0,0.0,cc18,1050,0,roc_auc,0.8592092574734812,tabpfn_trees13368_60
230,230.0,0.0,cc18,1050,1,accuracy,0.8719851576994434,tabpfn_trees13368_60
231,231.0,0.0,cc18,1050,1,roc_auc,0.8383289621581117,tabpfn_trees13368_60
232,232.0,0.0,cc18,1050,2,accuracy,0.8719851576994434,tabpfn_trees13368_60
233,233.0,0.0,cc18,1050,2,roc_auc,0.8104325312214438,tabpfn_trees13368_60
234,234.0,0.0,cc18,1063,0,accuracy,0.8396946564885496,tabpfn_trees13368_60
235,235.0,0.0,cc18,1063,0,roc_auc,0.8762135922330097,tabpfn_trees13368_60
236,236.0,0.0,cc18,1063,1,accuracy,0.8396946564885496,tabpfn_trees13368_60
237,237.0,0.0,cc18,1063,1,roc_auc,0.8254578754578755,tabpfn_trees13368_60
238,238.0,0.0,cc18,1063,2,accuracy,0.8244274809160306,tabpfn_trees13368_60
239,239.0,0.0,cc18,1063,2,roc_auc,0.8355307640297498,tabpfn_trees13368_60
240,240.0,0.0,cc18,1068,0,accuracy,0.935251798561151,tabpfn_trees13368_60
241,241.0,0.0,cc18,1068,0,roc_auc,0.782510705431598,tabpfn_trees13368_60
242,242.0,0.0,cc18,1068,1,accuracy,0.935251798561151,tabpfn_trees13368_60
243,243.0,0.0,cc18,1068,1,roc_auc,0.8953122104873078,tabpfn_trees13368_60
244,244.0,0.0,cc18,1068,2,accuracy,0.9424460431654677,tabpfn_trees13368_60
245,245.0,0.0,cc18,1068,2,roc_auc,0.8505140692640694,tabpfn_trees13368_60
246,246.0,0.0,cc18,1510,0,accuracy,0.986013986013986,tabpfn_trees13368_60
247,247.0,0.0,cc18,1510,0,roc_auc,0.9954838709677418,tabpfn_trees13368_60
248,248.0,0.0,cc18,1510,1,accuracy,1.0,tabpfn_trees13368_60
249,249.0,0.0,cc18,1510,1,roc_auc,1.0,tabpfn_trees13368_60
250,250.0,0.0,cc18,1510,2,accuracy,0.965034965034965,tabpfn_trees13368_60
251,251.0,0.0,cc18,1510,2,roc_auc,0.996196111580727,tabpfn_trees13368_60
252,252.0,0.0,cc18,1494,0,accuracy,0.821969696969697,tabpfn_trees13368_60
253,253.0,0.0,cc18,1494,0,roc_auc,0.8954248366013072,tabpfn_trees13368_60
254,254.0,0.0,cc18,1494,1,accuracy,0.8560606060606061,tabpfn_trees13368_60
255,255.0,0.0,cc18,1494,1,roc_auc,0.925409226190476,tabpfn_trees13368_60
256,256.0,0.0,cc18,1494,2,accuracy,0.8522727272727273,tabpfn_trees13368_60
257,257.0,0.0,cc18,1494,2,roc_auc,0.9369243473289716,tabpfn_trees13368_60
258,258.0,0.0,cc18,1480,0,accuracy,0.6575342465753424,tabpfn_trees13368_60
259,259.0,0.0,cc18,1480,0,roc_auc,0.732780612244898,tabpfn_trees13368_60
260,260.0,0.0,cc18,1480,1,accuracy,0.7328767123287672,tabpfn_trees13368_60
261,261.0,0.0,cc18,1480,1,roc_auc,0.7385531135531136,tabpfn_trees13368_60
262,262.0,0.0,cc18,1480,2,accuracy,0.678082191780822,tabpfn_trees13368_60
263,263.0,0.0,cc18,1480,2,roc_auc,0.7385573927630003,tabpfn_trees13368_60
264,264.0,0.0,cc18,1462,0,accuracy,1.0,tabpfn_trees13368_60
265,265.0,0.0,cc18,1462,0,roc_auc,1.0,tabpfn_trees13368_60
266,266.0,0.0,cc18,1462,1,accuracy,1.0,tabpfn_trees13368_60
267,267.0,0.0,cc18,1462,1,roc_auc,1.0,tabpfn_trees13368_60
268,268.0,0.0,cc18,1462,2,accuracy,1.0,tabpfn_trees13368_60
269,269.0,0.0,cc18,1462,2,roc_auc,1.0,tabpfn_trees13368_60
270,270.0,0.0,cc18,1464,0,accuracy,0.7540106951871658,tabpfn_trees13368_60
271,271.0,0.0,cc18,1464,0,roc_auc,0.6701530612244898,tabpfn_trees13368_60
272,272.0,0.0,cc18,1464,1,accuracy,0.786096256684492,tabpfn_trees13368_60
273,273.0,0.0,cc18,1464,1,roc_auc,0.7233213429256594,tabpfn_trees13368_60
274,274.0,0.0,cc18,1464,2,accuracy,0.732620320855615,tabpfn_trees13368_60
275,275.0,0.0,cc18,1464,2,roc_auc,0.7176997245179063,tabpfn_trees13368_60
276,276.0,0.0,cc18,6332,0,accuracy,0.8074074074074075,tabpfn_trees13368_60
277,277.0,0.0,cc18,6332,0,roc_auc,0.8777137793531237,tabpfn_trees13368_60
278,278.0,0.0,cc18,6332,1,accuracy,0.7777777777777778,tabpfn_trees13368_60
279,279.0,0.0,cc18,6332,1,roc_auc,0.8164705882352941,tabpfn_trees13368_60
280,280.0,0.0,cc18,6332,2,accuracy,0.7777777777777778,tabpfn_trees13368_60
281,281.0,0.0,cc18,6332,2,roc_auc,0.8488888888888889,tabpfn_trees13368_60
282,282.0,0.0,cc18,23381,0,accuracy,0.584,tabpfn_trees13368_60
283,283.0,0.0,cc18,23381,0,roc_auc,0.5914227015921931,tabpfn_trees13368_60
284,284.0,0.0,cc18,23381,1,accuracy,0.528,tabpfn_trees13368_60
285,285.0,0.0,cc18,23381,1,roc_auc,0.5800211976682564,tabpfn_trees13368_60
286,286.0,0.0,cc18,23381,2,accuracy,0.528,tabpfn_trees13368_60
287,287.0,0.0,cc18,23381,2,roc_auc,0.5166233766233767,tabpfn_trees13368_60
288,288.0,0.0,cc18,40966,0,accuracy,0.0925925925925925,tabpfn_trees13368_60
289,289.0,0.0,cc18,40966,0,roc_auc,0.5982185981404405,tabpfn_trees13368_60
290,290.0,0.0,cc18,40966,1,accuracy,0.1185185185185185,tabpfn_trees13368_60
291,291.0,0.0,cc18,40966,1,roc_auc,0.6045635699040665,tabpfn_trees13368_60
292,292.0,0.0,cc18,40966,2,accuracy,0.0777777777777777,tabpfn_trees13368_60
293,293.0,0.0,cc18,40966,2,roc_auc,0.5502252689084499,tabpfn_trees13368_60
294,294.0,0.0,cc18,40982,0,accuracy,0.0916030534351145,tabpfn_trees13368_60
295,295.0,0.0,cc18,40982,0,roc_auc,0.6231261968497628,tabpfn_trees13368_60
296,296.0,0.0,cc18,40982,1,accuracy,0.2017448200654307,tabpfn_trees13368_60
297,297.0,0.0,cc18,40982,1,roc_auc,0.6172495825440381,tabpfn_trees13368_60
298,298.0,0.0,cc18,40982,2,accuracy,0.2355507088331515,tabpfn_trees13368_60
299,299.0,0.0,cc18,40982,2,roc_auc,0.6563057393805083,tabpfn_trees13368_60
300,300.0,0.0,cc18,40994,0,accuracy,0.9407407407407408,tabpfn_trees13368_60
301,301.0,0.0,cc18,40994,0,roc_auc,0.9701897018970188,tabpfn_trees13368_60
302,302.0,0.0,cc18,40994,1,accuracy,0.9629629629629628,tabpfn_trees13368_60
303,303.0,0.0,cc18,40994,1,roc_auc,0.9810267857142856,tabpfn_trees13368_60
304,304.0,0.0,cc18,40994,2,accuracy,0.9925925925925926,tabpfn_trees13368_60
305,305.0,0.0,cc18,40994,2,roc_auc,0.9911417322834646,tabpfn_trees13368_60
306,306.0,0.0,cc18,40975,0,accuracy,0.2230113636363636,tabpfn_trees13368_60
307,307.0,0.0,cc18,40975,0,roc_auc,0.48133747145475,tabpfn_trees13368_60
308,308.0,0.0,cc18,40975,1,accuracy,0.2017045454545454,tabpfn_trees13368_60
309,309.0,0.0,cc18,40975,1,roc_auc,0.5361202328353117,tabpfn_trees13368_60
310,310.0,0.0,cc18,40975,2,accuracy,0.7088068181818182,tabpfn_trees13368_60
311,311.0,0.0,cc18,40975,2,roc_auc,0.6029060121165385,tabpfn_trees13368_60
312,0.0,,337,361055,0,accuracy,0.7709447415329769,tabpfn
313,0.0,,337,361055,0,roc_auc,0.8491909108759541,tabpfn
314,0.0,,337,361055,1,accuracy,0.7700534759358288,tabpfn
315,0.0,,337,361055,1,roc_auc,0.8474942875953682,tabpfn
316,0.0,,337,361055,2,accuracy,0.7633689839572193,tabpfn
317,0.0,,337,361055,2,roc_auc,0.8421797286683539,tabpfn
318,0.0,,337,361060,0,accuracy,0.7883244206773619,tabpfn
319,0.0,,337,361060,0,roc_auc,0.8684486300041862,tabpfn
320,0.0,,337,361060,1,accuracy,0.7774064171122995,tabpfn
321,0.0,,337,361060,1,roc_auc,0.8639629965766203,tabpfn
322,0.0,,337,361060,2,accuracy,0.7819741532976827,tabpfn
323,0.0,,337,361060,2,roc_auc,0.8638309556624846,tabpfn
324,0.0,,337,361061,0,accuracy,0.7609180035650623,tabpfn
325,0.0,,337,361061,0,roc_auc,0.8307055132652381,tabpfn
326,0.0,,337,361061,1,accuracy,0.7543449197860963,tabpfn
327,0.0,,337,361061,1,roc_auc,0.8271817666745044,tabpfn
328,0.0,,337,361061,2,accuracy,0.7569073083778967,tabpfn
329,0.0,,337,361061,2,roc_auc,0.8247001017555122,tabpfn
330,0.0,,337,361062,0,accuracy,0.9585561497326204,tabpfn
331,0.0,,337,361062,0,roc_auc,0.9935182121769855,tabpfn
332,0.0,,337,361062,1,accuracy,0.9621212121212122,tabpfn
333,0.0,,337,361062,1,roc_auc,0.9955871065244872,tabpfn
334,0.0,,337,361062,2,accuracy,0.9606729055258468,tabpfn
335,0.0,,337,361062,2,roc_auc,0.9946035493369916,tabpfn
336,0.0,,337,361063,0,accuracy,0.8647504456327986,tabpfn
337,0.0,,337,361063,0,roc_auc,0.9399866696289711,tabpfn
338,0.0,,337,361063,1,accuracy,0.8625222816399287,tabpfn
339,0.0,,337,361063,1,roc_auc,0.9417053346270288,tabpfn
340,0.0,,337,361063,2,accuracy,0.8640819964349377,tabpfn
341,0.0,,337,361063,2,roc_auc,0.9400934093597044,tabpfn
342,0.0,,337,361065,0,accuracy,0.8413547237076648,tabpfn
343,0.0,,337,361065,0,roc_auc,0.9231186022287156,tabpfn
344,0.0,,337,361065,1,accuracy,0.8441399286987522,tabpfn
345,0.0,,337,361065,1,roc_auc,0.9196938234706378,tabpfn
346,0.0,,337,361065,2,accuracy,0.8455882352941176,tabpfn
347,0.0,,337,361065,2,roc_auc,0.9226578705142552,tabpfn
348,0.0,,337,361066,0,accuracy,0.777295008912656,tabpfn
349,0.0,,337,361066,0,roc_auc,0.857229624525791,tabpfn
350,0.0,,337,361066,1,accuracy,0.7798573975044564,tabpfn
351,0.0,,337,361066,1,roc_auc,0.8583073796168997,tabpfn
352,0.0,,337,361066,2,accuracy,0.7776292335115864,tabpfn
353,0.0,,337,361066,2,roc_auc,0.8578650428594238,tabpfn
354,0.0,,337,361068,0,accuracy,0.9131016042780749,tabpfn
355,0.0,,337,361068,0,roc_auc,0.9710755977937882,tabpfn
356,0.0,,337,361068,1,accuracy,0.9232397504456328,tabpfn
357,0.0,,337,361068,1,roc_auc,0.9750984133906556,tabpfn
358,0.0,,337,361068,2,accuracy,0.9251336898395722,tabpfn
359,0.0,,337,361068,2,roc_auc,0.9748540520916646,tabpfn
360,0.0,,337,361069,0,accuracy,0.6327985739750446,tabpfn
361,0.0,,337,361069,0,roc_auc,0.6933546542357658,tabpfn
362,0.0,,337,361069,1,accuracy,0.6176470588235294,tabpfn
363,0.0,,337,361069,1,roc_auc,0.6626211610685157,tabpfn
364,0.0,,337,361069,2,accuracy,0.643048128342246,tabpfn
365,0.0,,337,361069,2,roc_auc,0.7131839251269632,tabpfn
366,0.0,,337,361070,0,accuracy,0.5688031591737546,tabpfn
367,0.0,,337,361070,0,roc_auc,0.598489231535821,tabpfn
368,0.0,,337,361070,1,accuracy,0.553311057108141,tabpfn
369,0.0,,337,361070,1,roc_auc,0.5785562507312756,tabpfn
370,0.0,,337,361070,2,accuracy,0.5566524908869988,tabpfn
371,0.0,,337,361070,2,roc_auc,0.586291061694601,tabpfn
372,0.0,,337,361273,0,accuracy,0.5738636363636364,tabpfn
373,0.0,,337,361273,0,roc_auc,0.6257599378783305,tabpfn
374,0.0,,337,361273,1,accuracy,0.5876782531194296,tabpfn
375,0.0,,337,361273,1,roc_auc,0.6259703257530062,tabpfn
376,0.0,,337,361273,2,accuracy,0.6020499108734403,tabpfn
377,0.0,,337,361273,2,roc_auc,0.6365742270418733,tabpfn
378,0.0,,337,361274,0,accuracy,0.7344028520499108,tabpfn
379,0.0,,337,361274,0,roc_auc,0.8057688201198195,tabpfn
380,0.0,,337,361274,1,accuracy,0.7335115864527629,tabpfn
381,0.0,,337,361274,1,roc_auc,0.8036968019606908,tabpfn
382,0.0,,337,361274,2,accuracy,0.7299465240641712,tabpfn
383,0.0,,337,361274,2,roc_auc,0.8082803002873337,tabpfn
384,0.0,,337,361275,0,accuracy,0.7129010695187166,tabpfn
385,0.0,,337,361275,0,roc_auc,0.7691920560105437,tabpfn
386,0.0,,337,361275,1,accuracy,0.7061051693404634,tabpfn
387,0.0,,337,361275,1,roc_auc,0.7653004152698559,tabpfn
388,0.0,,337,361275,2,accuracy,0.6955213903743316,tabpfn
389,0.0,,337,361275,2,roc_auc,0.7597725482583406,tabpfn
390,0.0,,337,361277,0,accuracy,0.8512700534759359,tabpfn
391,0.0,,337,361277,0,roc_auc,0.9331958400059108,tabpfn
392,0.0,,337,361277,1,accuracy,0.857174688057041,tabpfn
393,0.0,,337,361277,1,roc_auc,0.933413704046454,tabpfn
394,0.0,,337,361277,2,accuracy,0.8581773618538324,tabpfn
395,0.0,,337,361277,2,roc_auc,0.9354606645509286,tabpfn
396,0.0,,337,361278,0,accuracy,0.7184714795008913,tabpfn
397,0.0,,337,361278,0,roc_auc,0.7859764975939956,tabpfn
398,0.0,,337,361278,1,accuracy,0.7063279857397504,tabpfn
399,0.0,,337,361278,1,roc_auc,0.7776662912643801,tabpfn
400,0.0,,337,361278,2,accuracy,0.7154634581105169,tabpfn
401,0.0,,337,361278,2,roc_auc,0.7852753426093919,tabpfn
402,0.0,,334,361110,0,accuracy,0.7952317290552585,tabpfn
403,0.0,,334,361110,0,roc_auc,0.8734630628898651,tabpfn
404,0.0,,334,361110,1,accuracy,0.7743983957219251,tabpfn
405,0.0,,334,361110,1,roc_auc,0.8662201015331055,tabpfn
406,0.0,,334,361110,2,accuracy,0.7876559714795008,tabpfn
407,0.0,,334,361110,2,roc_auc,0.868518622928816,tabpfn
408,0.0,,334,361111,0,accuracy,0.571688942891859,tabpfn
409,0.0,,334,361111,0,roc_auc,0.6052377459122282,tabpfn
410,0.0,,334,361111,1,accuracy,0.5669805589307412,tabpfn
411,0.0,,334,361111,1,roc_auc,0.5916423923165592,tabpfn
412,0.0,,334,361111,2,accuracy,0.5627278250303767,tabpfn
413,0.0,,334,361111,2,roc_auc,0.5922797407072747,tabpfn
414,0.0,,334,361113,0,accuracy,0.7698306595365418,tabpfn
415,0.0,,334,361113,0,roc_auc,0.856924590065283,tabpfn
416,0.0,,334,361113,1,accuracy,0.7775178253119429,tabpfn
417,0.0,,334,361113,1,roc_auc,0.8539753778252268,tabpfn
418,0.0,,334,361113,2,accuracy,0.7826426024955436,tabpfn
419,0.0,,334,361113,2,roc_auc,0.8656371149979782,tabpfn
420,0.0,,334,361282,0,accuracy,0.633801247771836,tabpfn
421,0.0,,334,361282,0,roc_auc,0.6744146842202154,tabpfn
422,0.0,,334,361282,1,accuracy,0.6403743315508021,tabpfn
423,0.0,,334,361282,1,roc_auc,0.6882271136445314,tabpfn
424,0.0,,334,361282,2,accuracy,0.6301247771836007,tabpfn
425,0.0,,334,361282,2,roc_auc,0.6768962495226165,tabpfn
426,0.0,,334,361283,0,accuracy,0.7094474153297683,tabpfn
427,0.0,,334,361283,0,roc_auc,0.7698233801756169,tabpfn
428,0.0,,334,361283,1,accuracy,0.7062165775401069,tabpfn
429,0.0,,334,361283,1,roc_auc,0.7654300257383899,tabpfn
430,0.0,,334,361283,2,accuracy,0.6966354723707665,tabpfn
431,0.0,,334,361283,2,roc_auc,0.7571196644996203,tabpfn
432,0.0,,334,361285,0,accuracy,0.7287210338680927,tabpfn
433,0.0,,334,361285,0,roc_auc,0.805443754148022,tabpfn
434,0.0,,334,361285,1,accuracy,0.7165775401069518,tabpfn
435,0.0,,334,361285,1,roc_auc,0.7983554227671552,tabpfn
436,0.0,,334,361285,2,accuracy,0.723373440285205,tabpfn
437,0.0,,334,361285,2,roc_auc,0.8003572942845822,tabpfn
438,0.0,,334,361286,0,accuracy,0.6816336884830035,tabpfn
439,0.0,,334,361286,0,roc_auc,0.7378991278650713,tabpfn
440,0.0,,334,361286,1,accuracy,0.6653982749873161,tabpfn
441,0.0,,334,361286,1,roc_auc,0.7168621992341426,tabpfn
442,0.0,,334,361286,2,accuracy,0.671740233384069,tabpfn
443,0.0,,334,361286,2,roc_auc,0.7351800154705319,tabpfn
444,0.0,,cc18,11,0,accuracy,0.9808917197452228,tabpfn
445,0.0,,cc18,11,0,roc_auc,0.9998575498575498,tabpfn
446,0.0,,cc18,11,1,accuracy,0.9936305732484076,tabpfn
447,0.0,,cc18,11,1,roc_auc,0.9996794871794872,tabpfn
448,0.0,,cc18,11,2,accuracy,0.9808917197452228,tabpfn
449,0.0,,cc18,11,2,roc_auc,0.9990990990990992,tabpfn
450,0.0,,cc18,14,0,accuracy,0.8012295081967213,tabpfn
451,0.0,,cc18,14,0,roc_auc,0.9757973928023884,tabpfn
452,0.0,,cc18,14,1,accuracy,0.7920081967213115,tabpfn
453,0.0,,cc18,14,1,roc_auc,0.974961633144903,tabpfn
454,0.0,,cc18,14,2,accuracy,0.7909836065573771,tabpfn
455,0.0,,cc18,14,2,roc_auc,0.979574285662222,tabpfn
456,0.0,,cc18,15,0,accuracy,0.9885714285714284,tabpfn
457,0.0,,cc18,15,0,roc_auc,0.9998618021006082,tabpfn
458,0.0,,cc18,15,1,accuracy,0.9942857142857144,tabpfn
459,0.0,,cc18,15,1,roc_auc,0.9972463768115942,tabpfn
460,0.0,,cc18,15,2,accuracy,0.9657142857142856,tabpfn
461,0.0,,cc18,15,2,roc_auc,0.9953030303030304,tabpfn
462,0.0,,cc18,16,0,accuracy,0.9477459016393442,tabpfn
463,0.0,,cc18,16,0,roc_auc,0.9969177492806393,tabpfn
464,0.0,,cc18,16,1,accuracy,0.9508196721311476,tabpfn
465,0.0,,cc18,16,1,roc_auc,0.9985434208483256,tabpfn
466,0.0,,cc18,16,2,accuracy,0.951844262295082,tabpfn
467,0.0,,cc18,16,2,roc_auc,0.9974686437275436,tabpfn
468,0.0,,cc18,18,0,accuracy,0.7397540983606558,tabpfn
469,0.0,,cc18,18,0,roc_auc,0.9672898123146184,tabpfn
470,0.0,,cc18,18,1,accuracy,0.7448770491803278,tabpfn
471,0.0,,cc18,18,1,roc_auc,0.9671302124448172,tabpfn
472,0.0,,cc18,18,2,accuracy,0.7469262295081968,tabpfn
473,0.0,,cc18,18,2,roc_auc,0.9697422563818028,tabpfn
474,0.0,,cc18,22,0,accuracy,0.7889344262295082,tabpfn
475,0.0,,cc18,22,0,roc_auc,0.9788749913695364,tabpfn
476,0.0,,cc18,22,1,accuracy,0.805327868852459,tabpfn
477,0.0,,cc18,22,1,roc_auc,0.9808298018479344,tabpfn
478,0.0,,cc18,22,2,accuracy,0.7786885245901639,tabpfn
479,0.0,,cc18,22,2,roc_auc,0.9795531781783876,tabpfn
480,0.0,,cc18,23,0,accuracy,0.5501113585746102,tabpfn
481,0.0,,cc18,23,0,roc_auc,0.7378719795184088,tabpfn
482,0.0,,cc18,23,1,accuracy,0.534521158129176,tabpfn
483,0.0,,cc18,23,1,roc_auc,0.7233367103304197,tabpfn
484,0.0,,cc18,23,2,accuracy,0.5456570155902004,tabpfn
485,0.0,,cc18,23,2,roc_auc,0.7305414601307992,tabpfn
486,0.0,,cc18,29,0,accuracy,0.8728323699421965,tabpfn
487,0.0,,cc18,29,0,roc_auc,0.9300595238095238,tabpfn
488,0.0,,cc18,29,1,accuracy,0.8439306358381503,tabpfn
489,0.0,,cc18,29,1,roc_auc,0.9107535753575358,tabpfn
490,0.0,,cc18,29,2,accuracy,0.8323699421965318,tabpfn
491,0.0,,cc18,29,2,roc_auc,0.8941496598639455,tabpfn
492,0.0,,cc18,31,0,accuracy,0.74,tabpfn
493,0.0,,cc18,31,0,roc_auc,0.78375,tabpfn
494,0.0,,cc18,31,1,accuracy,0.764,tabpfn
495,0.0,,cc18,31,1,roc_auc,0.775696070778038,tabpfn
496,0.0,,cc18,31,2,accuracy,0.752,tabpfn
497,0.0,,cc18,31,2,roc_auc,0.7697412634408602,tabpfn
498,0.0,,cc18,37,0,accuracy,0.8177083333333334,tabpfn
499,0.0,,cc18,37,0,roc_auc,0.9097893143987894,tabpfn
500,0.0,,cc18,37,1,accuracy,0.7760416666666666,tabpfn
501,0.0,,cc18,37,1,roc_auc,0.8120023419203747,tabpfn
502,0.0,,cc18,37,2,accuracy,0.8229166666666666,tabpfn
503,0.0,,cc18,37,2,roc_auc,0.8732210626185959,tabpfn
504,0.0,,cc18,50,0,accuracy,0.925,tabpfn
505,0.0,,cc18,50,0,roc_auc,0.9940650589737812,tabpfn
506,0.0,,cc18,50,1,accuracy,0.9083333333333332,tabpfn
507,0.0,,cc18,50,1,roc_auc,0.98180308064029,tabpfn
508,0.0,,cc18,50,2,accuracy,0.9125,tabpfn
509,0.0,,cc18,50,2,roc_auc,0.9905341446923596,tabpfn
510,0.0,,cc18,54,0,accuracy,0.8301886792452831,tabpfn
511,0.0,,cc18,54,0,roc_auc,0.9670636988176512,tabpfn
512,0.0,,cc18,54,1,accuracy,0.8301886792452831,tabpfn
513,0.0,,cc18,54,1,roc_auc,0.9703641472614688,tabpfn
514,0.0,,cc18,54,2,accuracy,0.7830188679245284,tabpfn
515,0.0,,cc18,54,2,roc_auc,0.9537773795300678,tabpfn
516,0.0,,cc18,188,0,accuracy,0.6739130434782609,tabpfn
517,0.0,,cc18,188,0,roc_auc,0.9220692664069376,tabpfn
518,0.0,,cc18,188,1,accuracy,0.6684782608695652,tabpfn
519,0.0,,cc18,188,1,roc_auc,0.9226752647583096,tabpfn
520,0.0,,cc18,188,2,accuracy,0.6684782608695652,tabpfn
521,0.0,,cc18,188,2,roc_auc,0.9150494407932664,tabpfn
522,0.0,,cc18,458,0,accuracy,0.995260663507109,tabpfn
523,0.0,,cc18,458,0,roc_auc,0.999816450111477,tabpfn
524,0.0,,cc18,458,1,accuracy,1.0,tabpfn
525,0.0,,cc18,458,1,roc_auc,1.0,tabpfn
526,0.0,,cc18,458,2,accuracy,1.0,tabpfn
527,0.0,,cc18,458,2,roc_auc,1.0,tabpfn
528,0.0,,cc18,469,0,accuracy,0.185,tabpfn
529,0.0,,cc18,469,0,roc_auc,0.5721390114266459,tabpfn
530,0.0,,cc18,469,1,accuracy,0.195,tabpfn
531,0.0,,cc18,469,1,roc_auc,0.5620869785713537,tabpfn
532,0.0,,cc18,469,2,accuracy,0.165,tabpfn
533,0.0,,cc18,469,2,roc_auc,0.5678011751676283,tabpfn
534,0.0,,cc18,1049,0,accuracy,0.9193548387096774,tabpfn
535,0.0,,cc18,1049,0,roc_auc,0.9567654738135464,tabpfn
536,0.0,,cc18,1049,1,accuracy,0.9262672811059908,tabpfn
537,0.0,,cc18,1049,1,roc_auc,0.9542143600416234,tabpfn
538,0.0,,cc18,1049,2,accuracy,0.8986175115207373,tabpfn
539,0.0,,cc18,1049,2,roc_auc,0.941365349713807,tabpfn
540,0.0,,cc18,1050,0,accuracy,0.9109461966604824,tabpfn
541,0.0,,cc18,1050,0,roc_auc,0.8565975570556091,tabpfn
542,0.0,,cc18,1050,1,accuracy,0.8794063079777366,tabpfn
543,0.0,,cc18,1050,1,roc_auc,0.8563756712876234,tabpfn
544,0.0,,cc18,1050,2,accuracy,0.8738404452690167,tabpfn
545,0.0,,cc18,1050,2,roc_auc,0.8701035638135851,tabpfn
546,0.0,,cc18,1063,0,accuracy,0.8244274809160306,tabpfn
547,0.0,,cc18,1063,0,roc_auc,0.8779472954230236,tabpfn
548,0.0,,cc18,1063,1,accuracy,0.8549618320610687,tabpfn
549,0.0,,cc18,1063,1,roc_auc,0.8613553113553113,tabpfn
550,0.0,,cc18,1063,2,accuracy,0.8320610687022901,tabpfn
551,0.0,,cc18,1063,2,roc_auc,0.8409398242055444,tabpfn
552,0.0,,cc18,1068,0,accuracy,0.9316546762589928,tabpfn
553,0.0,,cc18,1068,0,roc_auc,0.8492224475997295,tabpfn
554,0.0,,cc18,1068,1,accuracy,0.9244604316546764,tabpfn
555,0.0,,cc18,1068,1,roc_auc,0.9145821752825644,tabpfn
556,0.0,,cc18,1068,2,accuracy,0.9388489208633094,tabpfn
557,0.0,,cc18,1068,2,roc_auc,0.8856872294372294,tabpfn
558,0.0,,cc18,1510,0,accuracy,0.951048951048951,tabpfn
559,0.0,,cc18,1510,0,roc_auc,0.9961290322580644,tabpfn
560,0.0,,cc18,1510,1,accuracy,0.986013986013986,tabpfn
561,0.0,,cc18,1510,1,roc_auc,0.999384236453202,tabpfn
562,0.0,,cc18,1510,2,accuracy,0.9790209790209792,tabpfn
563,0.0,,cc18,1510,2,roc_auc,0.995984784446323,tabpfn
564,0.0,,cc18,1494,0,accuracy,0.8371212121212122,tabpfn
565,0.0,,cc18,1494,0,roc_auc,0.8996610990075042,tabpfn
566,0.0,,cc18,1494,1,accuracy,0.8787878787878788,tabpfn
567,0.0,,cc18,1494,1,roc_auc,0.9363219246031744,tabpfn
568,0.0,,cc18,1494,2,accuracy,0.8787878787878788,tabpfn
569,0.0,,cc18,1494,2,roc_auc,0.9551546719176776,tabpfn
570,0.0,,cc18,1480,0,accuracy,0.678082191780822,tabpfn
571,0.0,,cc18,1480,0,roc_auc,0.738095238095238,tabpfn
572,0.0,,cc18,1480,1,accuracy,0.7602739726027398,tabpfn
573,0.0,,cc18,1480,1,roc_auc,0.7985347985347986,tabpfn
574,0.0,,cc18,1480,2,accuracy,0.7534246575342466,tabpfn
575,0.0,,cc18,1480,2,roc_auc,0.7876827222621615,tabpfn
576,0.0,,cc18,1462,0,accuracy,1.0,tabpfn
577,0.0,,cc18,1462,0,roc_auc,1.0,tabpfn
578,0.0,,cc18,1462,1,accuracy,1.0,tabpfn
579,0.0,,cc18,1462,1,roc_auc,1.0,tabpfn
580,0.0,,cc18,1462,2,accuracy,1.0,tabpfn
581,0.0,,cc18,1462,2,roc_auc,1.0,tabpfn
582,0.0,,cc18,1464,0,accuracy,0.8181818181818182,tabpfn
583,0.0,,cc18,1464,0,roc_auc,0.7046768707482993,tabpfn
584,0.0,,cc18,1464,1,accuracy,0.8074866310160428,tabpfn
585,0.0,,cc18,1464,1,roc_auc,0.7759292565947241,tabpfn
586,0.0,,cc18,1464,2,accuracy,0.7379679144385026,tabpfn
587,0.0,,cc18,1464,2,roc_auc,0.7295454545454545,tabpfn
588,0.0,,cc18,6332,0,accuracy,0.7925925925925926,tabpfn
589,0.0,,cc18,6332,0,roc_auc,0.8599911386796634,tabpfn
590,0.0,,cc18,6332,1,accuracy,0.8074074074074075,tabpfn
591,0.0,,cc18,6332,1,roc_auc,0.8571764705882352,tabpfn
592,0.0,,cc18,6332,2,accuracy,0.8074074074074075,tabpfn
593,0.0,,cc18,6332,2,roc_auc,0.8651111111111112,tabpfn
594,0.0,,cc18,23381,0,accuracy,0.528,tabpfn
595,0.0,,cc18,23381,0,roc_auc,0.6050333846944016,tabpfn
596,0.0,,cc18,23381,1,accuracy,0.592,tabpfn
597,0.0,,cc18,23381,1,roc_auc,0.6250662427133016,tabpfn
598,0.0,,cc18,23381,2,accuracy,0.504,tabpfn
599,0.0,,cc18,23381,2,roc_auc,0.5207792207792208,tabpfn
600,0.0,,cc18,40966,0,accuracy,0.9814814814814816,tabpfn
601,0.0,,cc18,40966,0,roc_auc,0.9992401215805472,tabpfn
602,0.0,,cc18,40966,1,accuracy,1.0,tabpfn
603,0.0,,cc18,40966,1,roc_auc,1.0,tabpfn
604,0.0,,cc18,40966,2,accuracy,0.9925925925925926,tabpfn
605,0.0,,cc18,40966,2,roc_auc,1.0,tabpfn
606,0.0,,cc18,40982,0,accuracy,0.7546346782988005,tabpfn
607,0.0,,cc18,40982,0,roc_auc,0.965410143766992,tabpfn
608,0.0,,cc18,40982,1,accuracy,0.7786259541984732,tabpfn
609,0.0,,cc18,40982,1,roc_auc,0.9597198381007686,tabpfn
610,0.0,,cc18,40982,2,accuracy,0.7840785169029444,tabpfn
611,0.0,,cc18,40982,2,roc_auc,0.9664700960598654,tabpfn
612,0.0,,cc18,40994,0,accuracy,0.9629629629629628,tabpfn
613,0.0,,cc18,40994,0,roc_auc,0.970189701897019,tabpfn
614,0.0,,cc18,40994,1,accuracy,0.9777777777777776,tabpfn
615,0.0,,cc18,40994,1,roc_auc,0.96875,tabpfn
616,0.0,,cc18,40994,2,accuracy,0.9925925925925926,tabpfn
617,0.0,,cc18,40994,2,roc_auc,0.9635826771653544,tabpfn
618,0.0,,cc18,40975,0,accuracy,0.9744318181818182,tabpfn
619,0.0,,cc18,40975,0,roc_auc,0.9981053657206468,tabpfn
620,0.0,,cc18,40975,1,accuracy,0.9829545454545454,tabpfn
621,0.0,,cc18,40975,1,roc_auc,0.998808546307252,tabpfn
622,0.0,,cc18,40975,2,accuracy,0.9786931818181818,tabpfn
623,0.0,,cc18,40975,2,roc_auc,0.9927120394225656,tabpfn
0,,,337,361055,0,accuracy,0.7632575757575758,gbt
0,,,337,361055,0,roc_auc,0.8388758964745227,gbt
0,,,337,361055,1,accuracy,0.7621434937611408,gbt
0,,,337,361055,1,roc_auc,0.8337845164788351,gbt
0,,,337,361055,2,accuracy,0.7474376114081996,gbt
0,,,337,361055,2,roc_auc,0.8277615734971557,gbt
0,,,337,361060,0,accuracy,0.7915552584670231,gbt
0,,,337,361060,0,roc_auc,0.8737941625274454,gbt
0,,,337,361060,1,accuracy,0.7922237076648841,gbt
0,,,337,361060,1,roc_auc,0.8732581658472035,gbt
0,,,337,361060,2,accuracy,0.7814171122994652,gbt
0,,,337,361060,2,roc_auc,0.8701412693401793,gbt
0,,,337,361061,0,accuracy,0.7462121212121212,gbt
0,,,337,361061,0,roc_auc,0.8182018435947714,gbt
0,,,337,361061,1,accuracy,0.7476604278074866,gbt
0,,,337,361061,1,roc_auc,0.8168686818236701,gbt
0,,,337,361061,2,accuracy,0.74298128342246,gbt
0,,,337,361061,2,roc_auc,0.8158397759045232,gbt
0,,,337,361062,0,accuracy,0.9590017825311943,gbt
0,,,337,361062,0,roc_auc,0.9928824799445223,gbt
0,,,337,361062,1,accuracy,0.9568850267379679,gbt
0,,,337,361062,1,roc_auc,0.9923286859176452,gbt
0,,,337,361062,2,accuracy,0.9603386809269162,gbt
0,,,337,361062,2,roc_auc,0.9895634165367234,gbt
0,,,337,361063,0,accuracy,0.8620766488413547,gbt
0,,,337,361063,0,roc_auc,0.9365329368147861,gbt
0,,,337,361063,1,accuracy,0.8606283422459893,gbt
0,,,337,361063,1,roc_auc,0.9344385251295777,gbt
0,,,337,361063,2,accuracy,0.8648618538324421,gbt
0,,,337,361063,2,roc_auc,0.9361334046328817,gbt
0,,,337,361065,0,accuracy,0.830770944741533,gbt
0,,,337,361065,0,roc_auc,0.9085059775466073,gbt
0,,,337,361065,1,accuracy,0.8238636363636364,gbt
0,,,337,361065,1,roc_auc,0.9043522047862734,gbt
0,,,337,361065,2,accuracy,0.8218582887700535,gbt
0,,,337,361065,2,roc_auc,0.9044841064554212,gbt
0,,,337,361066,0,accuracy,0.7827540106951871,gbt
0,,,337,361066,0,roc_auc,0.8610102631341551,gbt
0,,,337,361066,1,accuracy,0.7801916221033868,gbt
0,,,337,361066,1,roc_auc,0.8585107180007173,gbt
0,,,337,361066,2,accuracy,0.783868092691622,gbt
0,,,337,361066,2,roc_auc,0.8647496183124247,gbt
0,,,337,361068,0,accuracy,0.9047459893048129,gbt
0,,,337,361068,0,roc_auc,0.9627437574883128,gbt
0,,,337,361068,1,accuracy,0.9008467023172906,gbt
0,,,337,361068,1,roc_auc,0.9636320767082286,gbt
0,,,337,361068,2,accuracy,0.9098707664884136,gbt
0,,,337,361068,2,roc_auc,0.9674227874110413,gbt
0,,,337,361069,0,accuracy,0.6632130124777184,gbt
0,,,337,361069,0,roc_auc,0.7282824353915058,gbt
0,,,337,361069,1,accuracy,0.6574197860962567,gbt
0,,,337,361069,1,roc_auc,0.7176210408931829,gbt
0,,,337,361069,2,accuracy,0.6823752228163993,gbt
0,,,337,361069,2,roc_auc,0.7479629674128405,gbt
0,,,337,361070,0,accuracy,0.5653098420413123,gbt
0,,,337,361070,0,roc_auc,0.5968743310080095,gbt
0,,,337,361070,1,accuracy,0.574422843256379,gbt
0,,,337,361070,1,roc_auc,0.6000525226561626,gbt
0,,,337,361070,2,accuracy,0.5613608748481167,gbt
0,,,337,361070,2,roc_auc,0.5899307216552685,gbt
0,,,337,361273,0,accuracy,0.5655080213903744,gbt
0,,,337,361273,0,roc_auc,0.5961278717370235,gbt
0,,,337,361273,1,accuracy,0.5656194295900179,gbt
0,,,337,361273,1,roc_auc,0.5893327258916665,gbt
0,,,337,361273,2,accuracy,0.5716354723707665,gbt
0,,,337,361273,2,roc_auc,0.6043352035077624,gbt
0,,,337,361274,0,accuracy,0.7350713012477719,gbt
0,,,337,361274,0,roc_auc,0.798877635949021,gbt
0,,,337,361274,1,accuracy,0.7345142602495544,gbt
0,,,337,361274,1,roc_auc,0.806355959133737,gbt
0,,,337,361274,2,accuracy,0.7367424242424242,gbt
0,,,337,361274,2,roc_auc,0.8120637087726079,gbt
0,,,337,361275,0,accuracy,0.7033199643493762,gbt
0,,,337,361275,0,roc_auc,0.7613783085060492,gbt
0,,,337,361275,1,accuracy,0.6947415329768271,gbt
0,,,337,361275,1,roc_auc,0.7535374398245976,gbt
0,,,337,361275,2,accuracy,0.6878342245989305,gbt
0,,,337,361275,2,roc_auc,0.7476571050680287,gbt
0,,,337,361277,0,accuracy,0.8559491978609626,gbt
0,,,337,361277,0,roc_auc,0.9351757409415976,gbt
0,,,337,361277,1,accuracy,0.8621880570409982,gbt
0,,,337,361277,1,roc_auc,0.9364075855125191,gbt
0,,,337,361277,2,accuracy,0.8524955436720143,gbt
0,,,337,361277,2,roc_auc,0.9309914989831747,gbt
0,,,337,361278,0,accuracy,0.7103386809269162,gbt
0,,,337,361278,0,roc_auc,0.778549072420821,gbt
0,,,337,361278,1,accuracy,0.7106729055258467,gbt
0,,,337,361278,1,roc_auc,0.7727642083079552,gbt
0,,,337,361278,2,accuracy,0.6989750445632799,gbt
0,,,337,361278,2,roc_auc,0.7701279045936508,gbt
0,,,334,361110,0,accuracy,0.8006907308377896,gbt
0,,,334,361110,0,roc_auc,0.8800460049006817,gbt
0,,,334,361110,1,accuracy,0.79400623885918,gbt
0,,,334,361110,1,roc_auc,0.8757350256742307,gbt
0,,,334,361110,2,accuracy,0.7905525846702317,gbt
0,,,334,361110,2,roc_auc,0.8757129845740546,gbt
0,,,334,361111,0,accuracy,0.5663730255164034,gbt
0,,,334,361111,0,roc_auc,0.5951976063927952,gbt
0,,,334,361111,1,accuracy,0.5695625759416768,gbt
0,,,334,361111,1,roc_auc,0.5954843803230864,gbt
0,,,334,361111,2,accuracy,0.5668286755771568,gbt
0,,,334,361111,2,roc_auc,0.5928566603770242,gbt
0,,,334,361113,0,accuracy,0.7621434937611408,gbt
0,,,334,361113,0,roc_auc,0.8412963991940007,gbt
0,,,334,361113,1,accuracy,0.7628119429590018,gbt
0,,,334,361113,1,roc_auc,0.8396712875965165,gbt
0,,,334,361113,2,accuracy,0.778631907308378,gbt
0,,,334,361113,2,roc_auc,0.8550686724972153,gbt
0,,,334,361282,0,accuracy,0.6167557932263814,gbt
0,,,334,361282,0,roc_auc,0.6527042965258376,gbt
0,,,334,361282,1,accuracy,0.6236631016042781,gbt
0,,,334,361282,1,roc_auc,0.6667672225150272,gbt
0,,,334,361282,2,accuracy,0.6217691622103387,gbt
0,,,334,361282,2,roc_auc,0.6681777912798832,gbt
0,,,334,361283,0,accuracy,0.7025401069518716,gbt
0,,,334,361283,0,roc_auc,0.7611949439648289,gbt
0,,,334,361283,1,accuracy,0.6954099821746881,gbt
0,,,334,361283,1,roc_auc,0.7557502760521759,gbt
0,,,334,361283,2,accuracy,0.6897281639928698,gbt
0,,,334,361283,2,roc_auc,0.7486095247930242,gbt
0,,,334,361285,0,accuracy,0.7335115864527629,gbt
0,,,334,361285,0,roc_auc,0.8052237261975462,gbt
0,,,334,361285,1,accuracy,0.721368092691622,gbt
0,,,334,361285,1,roc_auc,0.7908910157498316,gbt
0,,,334,361285,2,accuracy,0.7181372549019608,gbt
0,,,334,361285,2,roc_auc,0.797579717858409,gbt
0,,,334,361286,0,accuracy,0.6539827498731609,gbt
0,,,334,361286,0,roc_auc,0.7019561255380052,gbt
0,,,334,361286,1,accuracy,0.6560121765601218,gbt
0,,,334,361286,1,roc_auc,0.7092618169234287,gbt
0,,,334,361286,2,accuracy,0.669710806697108,gbt
0,,,334,361286,2,roc_auc,0.722561878910267,gbt
0,,,cc18,11,0,accuracy,0.8598726114649682,gbt
0,,,cc18,11,0,roc_auc,0.8954282407407407,gbt
0,,,cc18,11,1,accuracy,0.8598726114649682,gbt
0,,,cc18,11,1,roc_auc,0.8677308693910257,gbt
0,,,cc18,11,2,accuracy,0.8789808917197452,gbt
0,,,cc18,11,2,roc_auc,0.8903307417006047,gbt
0,,,cc18,14,0,accuracy,0.7909836065573771,gbt
0,,,cc18,14,0,roc_auc,0.9736501599476686,gbt
0,,,cc18,14,1,accuracy,0.7991803278688525,gbt
0,,,cc18,14,1,roc_auc,0.9733250735372024,gbt
0,,,cc18,14,2,accuracy,0.7920081967213115,gbt
0,,,cc18,14,2,roc_auc,0.9763667469698022,gbt
0,,,cc18,15,0,accuracy,0.9942857142857143,gbt
0,,,cc18,15,0,roc_auc,0.9995854063018242,gbt
0,,,cc18,15,1,accuracy,0.9885714285714285,gbt
0,,,cc18,15,1,roc_auc,0.9975362318840579,gbt
0,,,cc18,15,2,accuracy,0.9657142857142857,gbt
0,,,cc18,15,2,roc_auc,0.9901515151515151,gbt
0,,,cc18,16,0,accuracy,0.9129098360655737,gbt
0,,,cc18,16,0,roc_auc,0.9952332539485774,gbt
0,,,cc18,16,1,accuracy,0.9159836065573771,gbt
0,,,cc18,16,1,roc_auc,0.99507561210643,gbt
0,,,cc18,16,2,accuracy,0.9036885245901639,gbt
0,,,cc18,16,2,roc_auc,0.9943578560432936,gbt
0,,,cc18,18,0,accuracy,0.7038934426229508,gbt
0,,,cc18,18,0,roc_auc,0.9568521999080227,gbt
0,,,cc18,18,1,accuracy,0.701844262295082,gbt
0,,,cc18,18,1,roc_auc,0.9594556910557798,gbt
0,,,cc18,18,2,accuracy,0.6956967213114754,gbt
0,,,cc18,18,2,roc_auc,0.958661263453736,gbt
0,,,cc18,22,0,accuracy,0.7581967213114754,gbt
0,,,cc18,22,0,roc_auc,0.9681178593349775,gbt
0,,,cc18,22,1,accuracy,0.7735655737704918,gbt
0,,,cc18,22,1,roc_auc,0.968017051774835,gbt
0,,,cc18,22,2,accuracy,0.7633196721311475,gbt
0,,,cc18,22,2,roc_auc,0.9686597404119766,gbt
0,,,cc18,23,0,accuracy,0.5545657015590201,gbt
0,,,cc18,23,0,roc_auc,0.7268541138779288,gbt
0,,,cc18,23,1,accuracy,0.5300668151447662,gbt
0,,,cc18,23,1,roc_auc,0.709402230543235,gbt
0,,,cc18,23,2,accuracy,0.5501113585746102,gbt
0,,,cc18,23,2,roc_auc,0.7324063207264317,gbt
0,,,cc18,29,0,accuracy,0.8670520231213873,gbt
0,,,cc18,29,0,roc_auc,0.9292478354978355,gbt
0,,,cc18,29,1,accuracy,0.8208092485549133,gbt
0,,,cc18,29,1,roc_auc,0.9166666666666667,gbt
0,,,cc18,29,2,accuracy,0.838150289017341,gbt
0,,,cc18,29,2,roc_auc,0.8934693877551021,gbt
0,,,cc18,31,0,accuracy,0.76,gbt
0,,,cc18,31,0,roc_auc,0.7629411764705882,gbt
0,,,cc18,31,1,accuracy,0.784,gbt
0,,,cc18,31,1,roc_auc,0.7962529274004684,gbt
0,,,cc18,31,2,accuracy,0.76,gbt
0,,,cc18,31,2,roc_auc,0.7904065860215054,gbt
0,,,cc18,37,0,accuracy,0.8072916666666666,gbt
0,,,cc18,37,0,roc_auc,0.8880223489698521,gbt
0,,,cc18,37,1,accuracy,0.6979166666666666,gbt
0,,,cc18,37,1,roc_auc,0.7485948477751757,gbt
0,,,cc18,37,2,accuracy,0.7864583333333334,gbt
0,,,cc18,37,2,roc_auc,0.8487903225806452,gbt
0,,,cc18,50,0,accuracy,0.925,gbt
0,,,cc18,50,0,roc_auc,0.986402223724739,gbt
0,,,cc18,50,1,accuracy,0.925,gbt
0,,,cc18,50,1,roc_auc,0.9806704922983993,gbt
0,,,cc18,50,2,accuracy,0.9,gbt
0,,,cc18,50,2,roc_auc,0.9880549921117873,gbt
0,,,cc18,54,0,accuracy,0.7452830188679245,gbt
0,,,cc18,54,0,roc_auc,0.9285114876888594,gbt
0,,,cc18,54,1,accuracy,0.7594339622641509,gbt
0,,,cc18,54,1,roc_auc,0.9355472156811443,gbt
0,,,cc18,54,2,accuracy,0.7311320754716981,gbt
0,,,cc18,54,2,roc_auc,0.9301958051241206,gbt
0,,,cc18,188,0,accuracy,0.6467391304347826,gbt
0,,,cc18,188,0,roc_auc,0.9003454340991628,gbt
0,,,cc18,188,1,accuracy,0.6630434782608695,gbt
0,,,cc18,188,1,roc_auc,0.9016844723183391,gbt
0,,,cc18,188,2,accuracy,0.6358695652173914,gbt
0,,,cc18,188,2,roc_auc,0.8919755813059685,gbt
0,,,cc18,458,0,accuracy,0.966824644549763,gbt
0,,,cc18,458,0,roc_auc,0.9984802406019089,gbt
0,,,cc18,458,1,accuracy,0.985781990521327,gbt
0,,,cc18,458,1,roc_auc,0.9994991019447541,gbt
0,,,cc18,458,2,accuracy,0.995260663507109,gbt
0,,,cc18,458,2,roc_auc,1.0,gbt
0,,,cc18,469,0,accuracy,0.22,gbt
0,,,cc18,469,0,roc_auc,0.5888120323461387,gbt
0,,,cc18,469,1,accuracy,0.225,gbt
0,,,cc18,469,1,roc_auc,0.5723495235995236,gbt
0,,,cc18,469,2,accuracy,0.225,gbt
0,,,cc18,469,2,roc_auc,0.5706363474417702,gbt
0,,,cc18,1049,0,accuracy,0.9009216589861752,gbt
0,,,cc18,1049,0,roc_auc,0.9313725490196079,gbt
0,,,cc18,1049,1,accuracy,0.9055299539170507,gbt
0,,,cc18,1049,1,roc_auc,0.9412504335761359,gbt
0,,,cc18,1049,2,accuracy,0.8917050691244239,gbt
0,,,cc18,1049,2,roc_auc,0.9294988133463632,gbt
0,,,cc18,1050,0,accuracy,0.8961038961038961,gbt
0,,,cc18,1050,0,roc_auc,0.8457690453230473,gbt
0,,,cc18,1050,1,accuracy,0.8682745825602969,gbt
0,,,cc18,1050,1,roc_auc,0.832021980766829,gbt
0,,,cc18,1050,2,accuracy,0.87569573283859,gbt
0,,,cc18,1050,2,roc_auc,0.8287998781602193,gbt
0,,,cc18,1063,0,accuracy,0.8549618320610687,gbt
0,,,cc18,1063,0,roc_auc,0.8413661581137308,gbt
0,,,cc18,1063,1,accuracy,0.8473282442748091,gbt
0,,,cc18,1063,1,roc_auc,0.8457875457875459,gbt
0,,,cc18,1063,2,accuracy,0.8244274809160306,gbt
0,,,cc18,1063,2,roc_auc,0.8057809330628803,gbt
0,,,cc18,1068,0,accuracy,0.935251798561151,gbt
0,,,cc18,1068,0,roc_auc,0.7888212756366914,gbt
0,,,cc18,1068,1,accuracy,0.9388489208633094,gbt
0,,,cc18,1068,1,roc_auc,0.8864183805818048,gbt
0,,,cc18,1068,2,accuracy,0.9460431654676259,gbt
0,,,cc18,1068,2,roc_auc,0.8706709956709957,gbt
0,,,cc18,1510,0,accuracy,0.951048951048951,gbt
0,,,cc18,1510,0,roc_auc,0.989247311827957,gbt
0,,,cc18,1510,1,accuracy,0.972027972027972,gbt
0,,,cc18,1510,1,roc_auc,0.9987684729064039,gbt
0,,,cc18,1510,2,accuracy,0.9440559440559441,gbt
0,,,cc18,1510,2,roc_auc,0.9898562975486053,gbt
0,,,cc18,1494,0,accuracy,0.8068181818181818,gbt
0,,,cc18,1494,0,roc_auc,0.8971798595981603,gbt
0,,,cc18,1494,1,accuracy,0.8446969696969697,gbt
0,,,cc18,1494,1,roc_auc,0.9131944444444445,gbt
0,,,cc18,1494,2,accuracy,0.8674242424242424,gbt
0,,,cc18,1494,2,roc_auc,0.9281903068030235,gbt
0,,,cc18,1480,0,accuracy,0.684931506849315,gbt
0,,,cc18,1480,0,roc_auc,0.7363945578231292,gbt
0,,,cc18,1480,1,accuracy,0.7328767123287672,gbt
0,,,cc18,1480,1,roc_auc,0.7520604395604394,gbt
0,,,cc18,1480,2,accuracy,0.726027397260274,gbt
0,,,cc18,1480,2,roc_auc,0.737359213994728,gbt
0,,,cc18,1462,0,accuracy,0.9885057471264368,gbt
0,,,cc18,1462,0,roc_auc,0.999834190018239,gbt
0,,,cc18,1462,1,accuracy,0.9942528735632183,gbt
0,,,cc18,1462,1,roc_auc,0.9996307733619765,gbt
0,,,cc18,1462,2,accuracy,0.9827586206896551,gbt
0,,,cc18,1462,2,roc_auc,0.9997348886532342,gbt
0,,,cc18,1464,0,accuracy,0.7967914438502673,gbt
0,,,cc18,1464,0,roc_auc,0.6715986394557824,gbt
0,,,cc18,1464,1,accuracy,0.786096256684492,gbt
0,,,cc18,1464,1,roc_auc,0.7531474820143885,gbt
0,,,cc18,1464,2,accuracy,0.7593582887700535,gbt
0,,,cc18,1464,2,roc_auc,0.7076446280991735,gbt
0,,,cc18,6332,0,accuracy,0.7925925925925926,gbt
0,,,cc18,6332,0,roc_auc,0.8646433318564466,gbt
0,,,cc18,6332,1,accuracy,0.837037037037037,gbt
0,,,cc18,6332,1,roc_auc,0.900235294117647,gbt
0,,,cc18,6332,2,accuracy,0.7851851851851852,gbt
0,,,cc18,6332,2,roc_auc,0.8742222222222222,gbt
0,,,cc18,23381,0,accuracy,0.576,gbt
0,,,cc18,23381,0,roc_auc,0.554442732408834,gbt
0,,,cc18,23381,1,accuracy,0.536,gbt
0,,,cc18,23381,1,roc_auc,0.5435877053524112,gbt
0,,,cc18,23381,2,accuracy,0.576,gbt
0,,,cc18,23381,2,roc_auc,0.6025974025974026,gbt
0,,,cc18,40966,0,accuracy,0.9703703703703703,gbt
0,,,cc18,40966,0,roc_auc,0.999830281432159,gbt
0,,,cc18,40966,1,accuracy,0.9740740740740741,gbt
0,,,cc18,40966,1,roc_auc,0.9996632111551952,gbt
0,,,cc18,40966,2,accuracy,0.9629629629629629,gbt
0,,,cc18,40966,2,roc_auc,0.9994669769014867,gbt
0,,,cc18,40982,0,accuracy,0.7589967284623773,gbt
0,,,cc18,40982,0,roc_auc,0.9662102914127731,gbt
0,,,cc18,40982,1,accuracy,0.7862595419847328,gbt
0,,,cc18,40982,1,roc_auc,0.9540301251890352,gbt
0,,,cc18,40982,2,accuracy,0.7666303162486369,gbt
0,,,cc18,40982,2,roc_auc,0.9580771869630443,gbt
0,,,cc18,40994,0,accuracy,0.9185185185185185,gbt
0,,,cc18,40994,0,roc_auc,0.9166666666666666,gbt
0,,,cc18,40994,1,accuracy,0.9481481481481482,gbt
0,,,cc18,40994,1,roc_auc,0.9575892857142857,gbt
0,,,cc18,40994,2,accuracy,0.9481481481481482,gbt
0,,,cc18,40994,2,roc_auc,0.9586614173228346,gbt
0,,,cc18,40975,0,accuracy,0.9801136363636364,gbt
0,,,cc18,40975,0,roc_auc,0.9965514217798183,gbt
0,,,cc18,40975,1,accuracy,0.9815340909090909,gbt
0,,,cc18,40975,1,roc_auc,0.9956394278124191,gbt
0,,,cc18,40975,2,accuracy,0.9829545454545454,gbt
0,,,cc18,40975,2,roc_auc,0.9995584824532194,gbt
